text,id,label,Abusive,Affectionate,Lyrics,Self,Adult,Not English,Other
Bitch please. Stay in your lane..,000,1.0,1,0,0,0,0,0,0
like if you got a bitch say that,001,1.0,1,0,0,0,0,0,0
just doing bitch ass shit smh,002,4.0,0,0,0,1,0,0,0
@alexissssrusssh bitch take this off ğŸ˜’ğŸ˜’ğŸ˜’ğŸ˜’ğŸ˜’ğŸ˜’ğŸ˜’ğŸ˜’ğŸ˜’ğŸ˜’,003,1.0,1,0,0,0,0,0,0
@ENVYShann stop being a hoe ğŸ˜‚ğŸ˜‚ğŸ™„,004,2.0,0,1,0,0,0,0,0
@TasteMy_Smileey bitch no fuck that. I'm bruising yo shit,005,1.0,1,0,0,0,0,0,0
You ain't never have a bitch understand you,006,1.0,1,0,0,0,0,0,0
BITCH BETTER HAVE MY MONEY #MTVStars Rihanna âš“ Nicki Minaj âš“ Lady Gaga âš“ One Direction âš“,007,3.0,0,0,1,0,0,0,0
I can't have kids bitch get your mind right ğŸ˜Œ,008,1.0,1,0,0,0,0,0,0
I hate it when ugly people say I need my beauty sleep. Bitch you need to hibernate.,009,1.0,1,0,0,0,0,0,0
took a nigga bitch ğŸ˜‚,010,1.0,1,0,0,0,0,0,0
See like a lil bitch,011,1.0,1,0,0,0,0,0,0
Hoe ass bitch nigga,012,1.0,1,0,0,0,0,0,0
shut ur bitch ass up .,013,1.0,1,0,0,0,0,0,0
@animooalien HOE DONT DO IT I NEED U IN MY LAIFEEEEE,015,2.0,0,1,0,0,0,0,0
"Despite what everyone says, I don't think your mom is a ""dirty pirate whore"". dhe's actually quite clean for a  irate whore.",016,1.0,1,0,0,0,0,0,0
I'm such a bitch but I love itğŸ˜‚,017,2.0,0,1,0,0,0,0,0
When @BeffCrook 's mum answers the phone to you as 'Hollie the hoe' ğŸ‘ğŸ¼ğŸ‘ğŸ¼ğŸ‘ğŸ¼,018,2.0,0,1,0,0,0,0,0
I just really don't like this bitch,019,1.0,1,0,0,0,0,0,0
Fat ass bitch lol,020,1.0,1,0,0,0,0,0,0
bitch you know i dont like you??,021,1.0,1,0,0,0,0,0,0
"Just because people do things different to you doesn't mean you should be a complete bitch, maybe there's a reason why I do things my way!!",022,1.0,1,0,0,0,0,0,0
I will stay mad with my mad ass bitch!,023,2.0,0,1,0,0,0,0,0
bitch don't like my shit?,024,1.0,1,0,0,0,0,0,0
DUMB ASS BITCH. FUCK YOU.,025,1.0,1,0,0,0,0,0,0
Karma is a bitch but make sure that bitch is beautiful,026,7.0,0,0,0,0,0,0,1
I wish I can lay under my bitch Right nowğŸ˜©ğŸ˜©ğŸ˜©ğŸ˜©ğŸ˜­ğŸ˜­ğŸ’¯ğŸ™ğŸ¼,027,1.0,1,0,0,0,0,0,0
@_Love_Dria hahahahahah tell me u love me whore,028,1.0,1,0,0,0,0,0,0
@PrenticeCollins imma buy that hoe soon,029,1.0,1,0,0,0,0,0,0
@snugglyoakley they don't like him he's a cunt,030,1.0,1,0,0,0,0,0,0
Had to leave that hoe alone to get my mind right,031,1.0,1,0,0,0,0,0,0
@LUFC fuck off and die massimo you stupid cunt!,033,1.0,1,0,0,0,0,0,0
"""You don't know me like that""- a hoe",034,1.0,1,0,0,0,0,0,0
I lost my virginity to a hoe ğŸ˜‚,035,1.0,1,0,0,0,0,0,0
"My bitch said "" the lambs "" ğŸ’€ğŸ’€ğŸ’€",036,2.0,0,1,0,0,0,0,0
"Like ""why you ain't hit me up bitch?""",037,1.0,1,0,0,0,0,0,0
@Reddakushgodd @loudpaK_97 @SheLovesFetti lol you ain't right bitch,038,1.0,1,0,0,0,0,0,0
Did u find ur bitch in me,040,4.0,0,0,0,1,0,0,0
Bitch only 18 got a baby da 2 just had a baby 3 months ago n pregnant ago glad dat wasnt my baby,041,1.0,1,0,0,0,0,0,0
bitch don't get mad,042,1.0,1,0,0,0,0,0,0
if I'm up then my bitch is up ğŸ˜‚ğŸ˜‚ğŸ˜‚,043,2.0,0,1,0,0,0,0,0
@LoveeSadiee bitch bye âœŒğŸ¾ï¸,044,1.0,1,0,0,0,0,0,0
I don't like that bitch. show her this too,045,1.0,1,0,0,0,0,0,0
But all you got is some fucking issues you fucking bitch,046,1.0,1,0,0,0,0,0,0
ğŸ˜‚ğŸ˜‚ğŸ˜‚ğŸ˜‚ğŸ˜‚ğŸ˜‚ lil bitch,047,1.0,1,0,0,0,0,0,0
I'm a boss bitch my shirt BOSS bitch,048,4.0,0,0,0,1,0,0,0
This bitch kedreii ğŸ˜‘ğŸ˜‘ğŸ˜‘ğŸ˜‘ğŸ˜‚,049,2.0,0,1,0,0,0,0,0
I don't like the bitch. Not more to say.,050,1.0,1,0,0,0,0,0,0
My bitch sat right in the house while I went to the day party ğŸ’ªğŸ½ğŸ’ªğŸ½ğŸ’ªğŸ½ğŸ˜‚ğŸ˜‚ğŸ˜‚,051,1.0,1,0,0,0,0,0,0
I got caviar wit a bad bitch,052,1.0,1,0,0,0,0,0,0
Bitch you thought ğŸ˜‚ğŸ˜‚ğŸ˜‚ğŸ˜‚,053,2.0,0,1,0,0,0,0,0
"not a weak bitch no more cos i am the ninja, bitch named ginger, hope somebody gotta a couple limbs they can lend ya",055,1.0,1,0,0,0,0,0,0
"when your friends say ""I have no friends"" like bitch what am I?",056,1.0,1,0,0,0,0,0,0
I know a hoe when I see one,057,1.0,1,0,0,0,0,0,0
I'm a boss ass bitch bitch bitch bitch ğŸ˜,058,4.0,0,0,0,1,0,0,0
Does it hurt like a fucking bitch,059,1.0,1,0,0,0,0,0,0
U a Hoe to ur heart,060,1.0,1,0,0,0,0,0,0
Such a cunt trying to get into this fucking disaster,061,1.0,1,0,0,0,0,0,0
Got this dirty ass bitch over here,062,1.0,1,0,0,0,0,0,0
I have so much proof that you're just gonna be fucked over but you're a cunt so I'll sit back and watch it all crumble around you,063,1.0,1,0,0,0,0,0,0
when u have a wound and u thINK WHERE THE FUCK DID U COME FROM U LITTLE BITCH,064,1.0,1,0,0,0,0,0,0
"like bitch , stop talking to me !",065,1.0,1,0,0,0,0,0,0
FUCK YOU YOU STUPID ASS BITCH,066,1.0,1,0,0,0,0,0,0
ahk a wild vicious ass bitch,067,1.0,1,0,0,0,0,0,0
That bitch ain't got nothing on me ...,069,1.0,1,0,0,0,0,0,0
Like bitch if you don't get.,071,1.0,1,0,0,0,0,0,0
@bigsteeeez I called your bitch ass today,072,2.0,0,1,0,0,0,0,0
I'm me How can a bitch say no to me?? ğŸ˜‚,073,1.0,1,0,0,0,0,0,0
I'm good on the hoe shit,074,1.0,1,0,0,0,0,0,0
@sammywilk bitch. it's 12:52am where i'm at!,076,1.0,1,0,0,0,0,0,0
i just fucked your bitch in some gucci flip flops,077,1.0,1,0,0,0,0,0,0
Bitch move from the sunlight. l hate the smell of burning plastic.,078,1.0,1,0,0,0,0,0,0
nut in her mouth then i kick the bitch out,079,1.0,1,0,0,0,0,0,0
He's doing that he's one crazy son of a bitch,080,1.0,1,0,0,0,0,0,0
Some people bitch way to much,081,1.0,1,0,0,0,0,0,0
@elle_lee__ thanks my bitch love youâ¤ï¸,082,2.0,0,1,0,0,0,0,0
"and just like that, I'm over your bitch ass",083,1.0,1,0,0,0,0,0,0
Fuck u bitch u need me #FlyShitOnly,084,1.0,1,0,0,0,0,0,0
@moidanieles miss u love u bitch,085,2.0,0,1,0,0,0,0,0
@MyaKuSoe fuck around like a hoe,086,1.0,1,0,0,0,0,0,0
@BrittnyImani dead tryna have one like my bitch needa be lit all day for her bday ğŸ’ğŸ½,087,2.0,0,1,0,0,0,0,0
should I be a bitch about it or let it go ğŸ¤”,089,4.0,0,0,0,1,0,0,0
It's my bitch birthday turn up @aniphiaaa_,090,2.0,0,1,0,0,0,0,0
Like can I stop being a little bitch or ?,091,4.0,0,0,0,1,0,0,0
"She said ""ilovecristian"" I was like bitch I'm not Makonnen",092,1.0,1,0,0,0,0,0,0
123 Bitch  #MTVStars Britney Spears * Lana Del Rey,093,7.0,0,0,0,0,0,0,1
@_adoreeniyaa bitch ğŸ˜‚ğŸ˜‚ğŸ˜‚ğŸ’€,094,1.0,1,0,0,0,0,0,0
"#MTVStars Selena Gomez  ğŸ”® Lana Del Rey ğŸ”® Britney Spears ğŸ”®  Nicki Minaj ğŸ”® Demi Lovato
bitch!!39sdas",095,2.0,0,1,0,0,0,0,0
Bitch I don't fuck w/ you,096,1.0,1,0,0,0,0,0,0
"""I'm not a do-nothing bitch"" Yes, @RondaRousey. Yes. #2020",097,7.0,0,0,0,0,0,0,1
Taking pictures with him ha you fake ass bitch,098,1.0,1,0,0,0,0,0,0
I hate hoe ass niggas,099,1.0,1,0,0,0,0,0,0
"Don't watch me, watch yo nigga hoe",100,1.0,1,0,0,0,0,0,0
Feel like being an emotionless bitch.ğŸ’ğŸ½,101,4.0,0,0,0,1,0,0,0
"Britney Bitch!
#MTVStars Britney Spears
9neyy1",102,3.0,0,0,1,0,0,0,0
Bitches always wanna talk about what my nigga did in the past! Bitch u was a hoe in the past &amp; I stood by you ğŸ¤”,103,1.0,1,0,0,0,0,0,0
Awwwee man I got his bitch depressed,104,1.0,1,0,0,0,0,0,0
@bossmpr__ I'm tryna fuck yo bitch,105,1.0,1,0,0,0,0,0,0
Hoe ass niggas I tell yah!ğŸ™…ğŸ¾ğŸ–•ğŸ½ğŸ–•ğŸ½ğŸ–•ğŸ½ğŸ–•ğŸ½ğŸ–•ğŸ½ğŸ–•ğŸ½ğŸ–•ğŸ½ğŸ–•ğŸ½ğŸ–•ğŸ½ğŸ–•ğŸ½ğŸ–•ğŸ½ğŸ–•ğŸ½ğŸ–•ğŸ½ğŸ–•ğŸ½ğŸ–•ğŸ½ğŸ–•ğŸ½ğŸ–•ğŸ½ğŸ–•ğŸ½ğŸ–•ğŸ½ğŸ–•ğŸ½ğŸ–•ğŸ½ğŸ–•ğŸ½ğŸ–•ğŸ½ğŸ–•ğŸ½ğŸ–•ğŸ½ğŸ–•ğŸ½ğŸ–•ğŸ½ğŸ–•ğŸ½ğŸ–•ğŸ½ğŸ–•ğŸ½ğŸ–•ğŸ½ğŸ–•ğŸ½ğŸ–•ğŸ½ğŸ–•ğŸ½ğŸ–•ğŸ½ğŸ–•ğŸ½ğŸ–•ğŸ½ğŸ–•ğŸ½ğŸ–•ğŸ½ğŸ–•ğŸ½ğŸ–•ğŸ½ğŸ–•ğŸ½ğŸ–•ğŸ½ğŸ–•ğŸ½ğŸ–•ğŸ½ğŸ–•ğŸ½ğŸ–•ğŸ½ğŸ–•ğŸ½ğŸ–•ğŸ½ğŸ–•ğŸ½ğŸ–•ğŸ½ğŸ–•ğŸ½ğŸ–•ğŸ½ğŸ–•ğŸ½ğŸ–•ğŸ½ğŸ–•ğŸ½,106,1.0,1,0,0,0,0,0,0
From every song to every tweet bitch you copying!,107,1.0,1,0,0,0,0,0,0
That Bitch Crazy .. No No No ğŸ˜´,108,1.0,1,0,0,0,0,0,0
@_nathaniiiel fuck u fat cunt,109,1.0,1,0,0,0,0,0,0
@KISSSMYY___ no tf I'm not bitch ğŸ˜‚,110,1.0,1,0,0,0,0,0,0
I fukked that bitch she popped that pussy like a handstand,111,1.0,1,0,0,0,0,0,0
Bitches be lookin for a come up bitch be yo own come up,113,1.0,1,0,0,0,0,0,0
we got that bitch don't play,114,1.0,1,0,0,0,0,0,0
I need a bad bitch in my life,115,2.0,0,1,0,0,0,0,0
YES BITCH ğŸ‘ğŸ½ğŸ‘ğŸ½ğŸ‘ğŸ½ #MadeInTheAM,116,7.0,0,0,0,0,0,0,1
"@Rodriguez1606 @GT_Ent720 then why even go hoe, im real hurt rn. That could have been me actually contributing to conversation lol",117,1.0,1,0,0,0,0,0,0
new header follow the cunt @kamoghoul,118,1.0,1,0,0,0,0,0,0
"@xiramb happy birthday bitch, love yağŸ˜˜",119,2.0,0,1,0,0,0,0,0
@RJakaGunner when yo hoe ass get a him? Lol,120,2.0,0,1,0,0,0,0,0
@OBJ_3 soft ass bitch,121,1.0,1,0,0,0,0,0,0
Got a bitch with an attitude problem,122,1.0,1,0,0,0,0,0,0
"snitch, bitch, snitchin ass bitch and you know it.",123,1.0,1,0,0,0,0,0,0
Fuck ugly ass bitch,124,1.0,1,0,0,0,0,0,0
"giiiirrll, u a dumb ass bitch",125,1.0,1,0,0,0,0,0,0
WtfğŸ’€ğŸ’€ this bitch said her hand is cut,126,1.0,1,0,0,0,0,0,0
Like fuck shit bitch no,127,1.0,1,0,0,0,0,0,0
"Fuck you, I got a new bitch now",128,1.0,1,0,0,0,0,0,0
....Yeah im rich bitch,129,3.0,0,0,1,0,0,0,0
#RIHvember is fucking here!!! I'M READY BITCH,130,7.0,0,0,0,0,0,0,1
bitch better get your own life .,131,1.0,1,0,0,0,0,0,0
You be pressed to fuck a bitch on her period of course the shit ain't gonna smell like roses ğŸ‘€ğŸ˜‚ğŸ˜‚ğŸ˜‚ like ok nigga you ain't hurting me Lmaoo,132,1.0,1,0,0,0,0,0,0
Man that hoe be ain't the same shit,133,1.0,1,0,0,0,0,0,0
Around Here â˜ğŸ½ğŸ‘‡ğŸ½ğŸ‘ˆğŸ½ğŸ‘‰ğŸ½ Bitch I Run This Shit.,134,1.0,1,0,0,0,0,0,0
What's mine is mine remember that bitch,135,1.0,1,0,0,0,0,0,0
@thereal_rc3 go back to sleep bitch,137,1.0,1,0,0,0,0,0,0
I be like shut your bitch ass up #S,138,1.0,1,0,0,0,0,0,0
I Got another nigga bitch with me,139,1.0,1,0,0,0,0,0,0
Fuck that bitch ass nigga !,140,2.0,0,1,0,0,0,0,0
#NormaniDefenseSquad ğŸ’ªğŸ’ª oh my god what a stupid bitch,141,1.0,1,0,0,0,0,0,0
"Bitch I'm good , always",142,1.0,1,0,0,0,0,0,0
"She a bitch but I'm a dog , yeahyeah ğŸ¶",144,1.0,1,0,0,0,0,0,0
@yungfetuss u my main them my side hoe$,145,1.0,1,0,0,0,0,0,0
Baby Racoon Lookinq ass bitch ğŸ˜‚,147,1.0,1,0,0,0,0,0,0
Bitch who da fuck is youuuuu,148,1.0,1,0,0,0,0,0,0
this bitch is fucking disgustingğŸ˜– I can't with my friends,149,1.0,1,0,0,0,0,0,0
Why you tryna beef w/ me yo goof ass from the burbs bitch !,150,1.0,1,0,0,0,0,0,0
@Meowstical the fuck is so funny you fucking cunt,151,1.0,1,0,0,0,0,0,0
@onyourthrone BITCH WHEN U GET BACK,152,1.0,1,0,0,0,0,0,0
@fernrfcx it's a bit early to be signing on tell the cunt!,153,1.0,1,0,0,0,0,0,0
@lcbs_ I did bitch ! Get off your damn phone,154,1.0,1,0,0,0,0,0,0
My bitch ass ex is on some other shit,155,1.0,1,0,0,0,0,0,0
I had to put that lil bitch in her place,156,1.0,1,0,0,0,0,0,0
@misguidedLight I'M A FREE BITCH BABY,157,1.0,1,0,0,0,0,0,0
I still don't like that bitch,158,4.0,0,0,0,1,0,0,0
"He's a slut, he's s hoe, he's a freak, got a different girl every day of the week.",159,1.0,1,0,0,0,0,0,0
"I don't like handjobs, bitch I like head",160,3.0,0,0,1,0,0,0,0
I hate bitch made niggas,162,1.0,1,0,0,0,0,0,0
I'm with the bitch I don't need the bitch !,163,1.0,1,0,0,0,0,0,0
You don't want me bitch I'm flustered,164,1.0,1,0,0,0,0,0,0
"She said ""ilovecristian"" I was like bitch I'm not Makonnen",165,1.0,1,0,0,0,0,0,0
@HateOnLexxx bitch I'm going out when I get off,166,1.0,1,0,0,0,0,0,0
@BaddieeJ_  bitch I'm hollering ğŸ˜­,167,1.0,1,0,0,0,0,0,0
"But payback's a bitch motherfucker, believe me",168,1.0,1,0,0,0,0,0,0
when that bitch wanna fight but was scared to fight you before â˜ºï¸â˜ºï¸â˜ºï¸â˜ºï¸â˜ºï¸â˜ºï¸â˜ºï¸â˜ºï¸â˜ºï¸â˜ºï¸â˜ºï¸,169,1.0,1,0,0,0,0,0,0
@jaimecxo YES BITCH I LOVE U,170,1.0,1,0,0,0,0,0,0
I'm finna go off in this bitch,171,2.0,0,1,0,0,0,0,0
@TommyJoe__ @_OhThereSheGo y'all some hoe ass niggas,172,1.0,1,0,0,0,0,0,0
Real nigga talkinnnnn. Stfu hoe.,173,1.0,1,0,0,0,0,0,0
"""@babetexts: me: i want to travel

bank account: bitch, where?""",174,1.0,1,0,0,0,0,0,0
@JermBuggg bitch I know you seen my text,175,1.0,1,0,0,0,0,0,0
Cause I'm the bitch to get nauseous,176,1.0,1,0,0,0,0,0,0
I hate it so much when girls bitch about other girls stfuuuuu,177,4.0,0,0,0,1,0,0,0
LUH DUMB BITCH â€¼ï¸â€¼ï¸â€¼ï¸,178,1.0,1,0,0,0,0,0,0
10.1 Bitch Better Have My Money $ #MTVStars #MTVStarOf2015 Rihanna ğŸ•  Lady Gaga ğŸ•  Nicki Minaj,179,1.0,1,0,0,0,0,0,0
Don't do shit you wouldn't want your bitch to do,180,3.0,0,0,1,0,0,0,0
can't argue with a bitch that's not on my level,181,1.0,1,0,0,0,0,0,0
where is my mom bitch I'm starving,182,1.0,1,0,0,0,0,0,0
my bitch white but my cock black,184,1.0,1,0,0,0,0,0,0
This bitch got one more time !,185,1.0,1,0,0,0,0,0,0
This bitch just wants everyone to like her,186,1.0,1,0,0,0,0,0,0
A dolla might fuck yo bitch,187,1.0,1,0,0,0,0,0,0
@ceeeanemone @sta_xoxox @BestAcapellaas @OverlyManlyMF I'm a broke ass bitch,188,1.0,1,0,0,0,0,0,0
@bookabadass who over der wit dat hoe,189,4.0,0,0,0,1,0,0,0
Got rid of my old bitch,190,1.0,1,0,0,0,0,0,0
Take A Nigga Bitch &amp; Give Ha Baxc,191,1.0,1,0,0,0,0,0,0
I know they think I'm a BITCH,192,1.0,1,0,0,0,0,0,0
stupid ass fuckin bitch,193,4.0,0,0,0,1,0,0,0
nobody likes a hoe that fucks every dude ever,194,1.0,1,0,0,0,0,0,0
I just need you to do for me what I need you to do for me and I'ma come through when you need me bitch.,195,1.0,1,0,0,0,0,0,0
"""bro THIS GIRL A BAD BITCH""",196,1.0,1,0,0,0,0,0,0
@SlayEnya I got money for MAC BITCH,197,2.0,0,1,0,0,0,0,0
"Britney Bitch!
#MTVStars Iggy Azalea ğŸš€ Lana Del Rey ğŸš€ Britney Spears ğŸš€ Demi Lovato ğŸš€ Selena Gomez
xxxx26",198,1.0,1,0,0,0,0,0,0
Chill chill you makin a mess hoe,199,2.0,0,1,0,0,0,0,0
@SmudSavage_ get yo bitch ass up nigga,200,1.0,1,0,0,0,0,0,0
"""Bitch u ain't Shit """,201,1.0,1,0,0,0,0,0,0
Bitch you wasn't with me shootin' in the gym!,202,1.0,1,0,0,0,0,0,0
Oo I hate this bitch ğŸ˜¡ğŸ˜¤,203,1.0,1,0,0,0,0,0,0
""" YOU'ON KNOW NAAN HOE (uh uh) """,204,1.0,1,0,0,0,0,0,0
this bitch yo ğŸ˜‚ğŸ™„ğŸ™„ğŸ™„,206,1.0,1,0,0,0,0,0,0
Little ass Hoe lmao,207,1.0,1,0,0,0,0,0,0
I'm such a bitch today. Beware.,208,1.0,1,0,0,0,0,0,0
still on top pretty bitch gang!,209,4.0,0,0,0,1,0,0,0
@Landoee_Staxx yea I ain't like that hoe bro bro,211,1.0,1,0,0,0,0,0,0
"snitch ğŸ‘‹
bitch ğŸ‘‹
snitching ass bitch ğŸ‘‹",212,1.0,1,0,0,0,0,0,0
When a bitch nigga want u,213,1.0,1,0,0,0,0,0,0
Snitch bitch snitching ass bitch.  #Empire,215,1.0,1,0,0,0,0,0,0
@RenzoDonquixote YASSSSS SLAY BITCH SLAY #RENZOHIVE WE OUTCHEA,216,1.0,1,0,0,0,0,0,0
I know imma get my bitch backkkk,217,7.0,0,0,0,0,0,0,1
@Jassey_Jay lol bitch you know ğŸ˜‚,218,1.0,1,0,0,0,0,0,0
@airodddd @desseraae fuck it Ima bitch ğŸ˜‚,219,1.0,1,0,0,0,0,0,0
Yessssssss I'm out this bitch ğŸ˜ŠğŸ˜ŠğŸ˜Š,220,1.0,1,0,0,0,0,0,0
@ssssuuuuppp ğŸ˜‚ğŸ˜­ğŸ˜­ğŸ˜­ you a hoe,222,1.0,1,0,0,0,0,0,0
@AngelMitzuki Don't you fucking call me that whore!,223,1.0,1,0,0,0,0,0,0
"""I'm gonna fuck your bitch~"" #MelonsBot",224,1.0,1,0,0,0,0,0,0
@I_chasney Bitch ğŸ˜’ Then I don't want it,225,1.0,1,0,0,0,0,0,0
I'm sorry I called you a bitch,226,7.0,0,0,0,0,0,0,1
I can't fuck with hoe niggas,227,7.0,0,0,0,0,0,0,1
"you're a Bitch
you're a Bit
you're a
Youre
You 
Yo
Y
Yo
You
Youre
you're a
you're a Bi
you're a Bitch

Oh look ,you're still a Bitch.",228,1.0,1,0,0,0,0,0,0
I don't trust no nigga or bitch,229,1.0,1,0,0,0,0,0,0
"""I dont want to get in between them""- Carson's a bitch.",230,1.0,1,0,0,0,0,0,0
"i got $40 worth of shit out of rite aid the old bitch told me $8.23 , god is good mannnnnğŸ˜©ğŸ˜©ğŸ˜©ğŸ˜©ğŸ™ŒğŸ½ğŸ™ŒğŸ½ğŸ™ŒğŸ½ğŸ™ŒğŸ½ğŸ™ŒğŸ½ğŸ™ŒğŸ½ğŸ™ŒğŸ½ğŸ™ŒğŸ½ğŸ™ŒğŸ½ğŸ™ŒğŸ½ğŸ™ŒğŸ½ğŸ™ŒğŸ½ğŸ™ŒğŸ½ğŸ™ŒğŸ½ğŸ™ŒğŸ½ğŸ™ŒğŸ½ğŸ™ŒğŸ½ğŸ™ŒğŸ½ğŸ™ŒğŸ½ğŸ™ŒğŸ½ğŸ™ŒğŸ½ğŸ™ŒğŸ½",232,1.0,1,0,0,0,0,0,0
@5s0spal she was a bitch #MTVSTARS 5 Seconds Of Summer,233,1.0,1,0,0,0,0,0,0
"@LimonChique gotta main bitch, gotta mistress",234,1.0,1,0,0,0,0,0,0
@_shayla2timess bitch who told you to get a new number &amp; not give it to me,235,1.0,1,0,0,0,0,0,0
@urgfalbina then don't look at it dumb bitch,236,1.0,1,0,0,0,0,0,0
@NickiDupre @Pitchside_Mark Autocorrect is a bitch ğŸ˜„ğŸ˜„ğŸ˜„,237,1.0,1,0,0,0,0,0,0
If she's joe she's a hoe ğŸ’¯,238,7.0,0,0,0,0,0,0,1
Them bitch ass talking shit,239,1.0,1,0,0,0,0,0,0
It's not uncommon for a hoe to get recognition,240,1.0,1,0,0,0,0,0,0
you are a bad bitch and damn I like that,241,1.0,1,0,0,0,0,0,0
that ain't my bitch that's my nigga @khamill18,242,2.0,0,1,0,0,0,0,0
"you were my cup of tea.. ğŸ˜”
â €
â €
â €
â €
â €
â €
â €
â €
â €
â €
â €
â €
â €
â €
â €
â €
â €
â €
â €
â €
â €
â €
â €
â €
â €NOW I SIP LEAN BITCH! FUCK YOU MEAN GANG GANG GANG IN THIS BITCH",243,2.0,0,1,0,0,0,0,0
Yo bitch wanna suck the codeine out a nigga,244,3.0,0,0,1,0,0,0,0
"fill my cup, bitch go fill my cup yeah",245,1.0,1,0,0,0,0,0,0
@olddirtymikey BITCH IM DOWN FUCK U,247,1.0,1,0,0,0,0,0,0
Bitch can't tell me shit,248,1.0,1,0,0,0,0,0,0
"Thinking like a nigga, so I don't get played like a bitch",249,1.0,1,0,0,0,0,0,0
@amyrod_ @angelao9_ @hoeverses guess that means Angie a hoe..,250,4.0,0,0,0,1,0,0,0
when u a pussy ass bitch,251,1.0,1,0,0,0,0,0,0
"""You look mean"" 
Bitch I am mean. Bye.",252,1.0,1,0,0,0,0,0,0
actually you're right because you're a bitch,253,4.0,0,0,0,1,0,0,0
@HiiipowerDaidai come open the door bitch,254,1.0,1,0,0,0,0,0,0
Boss Bitch only worried about ğŸ’ğŸ’°ğŸ’µğŸ’µğŸ’µ,255,1.0,1,0,0,0,0,0,0
go get you some money hoe!!,256,1.0,1,0,0,0,0,0,0
You have to show the modern hoe a little appreciation,257,1.0,1,0,0,0,0,0,0
Get Off At 9 Like A Hoe,259,1.0,1,0,0,0,0,0,0
It's rainin like a bitch. But where my bitch. I need my bitch.,260,3.0,0,0,1,0,0,0,0
"I may argue , fight &amp; cry over the bitch but we make it work at the end of the day",261,7.0,0,0,0,0,0,0,1
I'm one sexy bitch,262,2.0,0,1,0,0,0,0,0
@__JaiMonroe ğŸ˜‚ bitch u do it any other day,263,4.0,0,0,0,1,0,0,0
Looking like Popeye. Yo bitch love the semen,264,1.0,1,0,0,0,0,0,0
@MayKayParade i know but i hate him he's a cunt,265,1.0,1,0,0,0,0,0,0
"Bitch, you ain't got shit on me",266,1.0,1,0,0,0,0,0,0
my main bitch and my side bitch mad at me,267,1.0,1,0,0,0,0,0,0
"What do u get out of calling your girl, my bitch?",269,1.0,1,0,0,0,0,0,0
That's some hoe shit ..,270,1.0,1,0,0,0,0,0,0
"im on some bitch im mel, shit",271,1.0,1,0,0,0,0,0,0
fuck that bloodwork hurt like a bitch,272,1.0,1,0,0,0,0,0,0
Man that hoe be ain't the same shit,273,7.0,0,0,0,0,0,0,1
@jossiell_g go u lil bitch,274,1.0,1,0,0,0,0,0,0
"Britney Bitch!
#MTVStars Iggy Azalea ğŸš€ Lana DeI Rey ğŸš€ Britney Spears ğŸš€ Demi Lovato ğŸš€ Selena Gomez
xxx--48",275,1.0,1,0,0,0,0,0,0
"""Fuck that bitch"" ğŸ˜‚ğŸ˜‚ğŸ˜‚ğŸ‘ğŸ»ğŸ‘ğŸ»ğŸ‘ğŸ»",276,2.0,0,1,0,0,0,0,0
Bitch I'm BLIK for lifeğŸ˜ˆ,277,1.0,1,0,0,0,0,0,0
Get the fuck away bitch,278,4.0,0,0,0,1,0,0,0
@ItsNigelMurray I was gonna come tell you bitch,279,1.0,1,0,0,0,0,0,0
"Yall bitch niggas, yall fugazi",280,1.0,1,0,0,0,0,0,0
you got the right lil bitch !,281,1.0,1,0,0,0,0,0,0
@ItsNickBean I'm In school you bitch,283,2.0,0,1,0,0,0,0,0
@Promethazinee_ where u at bitch i hit your line u aint answer i wanted to hit marina !,284,1.0,1,0,0,0,0,0,0
@TheeKiwanLear Nah she's a bad bitch,285,1.0,1,0,0,0,0,0,0
Tell a bitch I said fuck you,286,1.0,1,0,0,0,0,0,0
Idc how many fights me and him get in he's still my baby and no bitch is gone change that so all these bitches needa hop offğŸ’¯,287,1.0,1,0,0,0,0,0,0
Tell me everything so a bitch can't tell me Shit.,288,1.0,1,0,0,0,0,0,0
Half bitch half sweetheart â˜ºï¸,289,1.0,1,0,0,0,0,0,0
pull up hop out your bitch she on dick,290,2.0,0,1,0,0,0,0,0
@Romo_Numba_Nine Free Kadoe Bitch â—ï¸â—ï¸ğŸ’¯,291,1.0,1,0,0,0,0,0,0
Pandora tryna get a bitch but I ain't witttt itttt,292,1.0,1,0,0,0,0,0,0
Bitch don't ask no questions,293,1.0,1,0,0,0,0,0,0
She wants nothing more but to be a little whore~,294,1.0,1,0,0,0,0,0,0
"Most of us, need a bad bitch with some good throat",295,1.0,1,0,0,0,0,0,0
bitch make up your mindğŸ˜‚,296,1.0,1,0,0,0,0,0,0
Bitch get out my face ğŸ˜‚,297,1.0,1,0,0,0,0,0,0
Lady C more like lady cunt,298,1.0,1,0,0,0,0,0,0
you don't ever trust no bitch ever,299,1.0,1,0,0,0,0,0,0
@bruhitszach missed you hoe ğŸ’•,302,1.0,1,0,0,0,0,0,0
I might just tell this hoe my secrets.,303,2.0,0,1,0,0,0,0,0
"I'm that bitch that, you can't fuck with",304,1.0,1,0,0,0,0,0,0
Bitch I ain't no lame let me talk to thisğŸ±,305,4.0,0,0,0,1,0,0,0
@eleanasalas you're a dumb bitch ğŸ˜‚,306,1.0,1,0,0,0,0,0,0
I don't give a fuck bitch i don't like you,307,1.0,1,0,0,0,0,0,0
"""Heartless bitch"" ğŸ¤”ğŸ¤”ğŸ¤”",308,1.0,1,0,0,0,0,0,0
I seen that money make a bitch evil,309,1.0,1,0,0,0,0,0,0
And Yo' Nigga Hoe ğŸ˜‚ğŸ˜‚ğŸ˜‚ğŸ˜‚,310,1.0,1,0,0,0,0,0,0
paybacks a bitch and you know that shit,311,1.0,1,0,0,0,0,0,0
Bengals ğŸ… ğŸ‰ Bitch â—ï¸â—ï¸â—ï¸â—ï¸ #WhoDey,312,1.0,1,0,0,0,0,0,0
I'm cute as fuck fuck that bitch,313,7.0,0,0,0,0,0,0,1
@RonnieRadke oh shit bitch ğŸ˜‚,314,1.0,1,0,0,0,0,0,0
"FUCK YOU, YOU BITCH ASS ğŸ–•ğŸ¼ğŸ–•ğŸ¼ğŸ–•ğŸ¼ğŸ–•ğŸ¼ğŸ–•ğŸ¼ğŸ–•ğŸ¼ğŸ–•ğŸ¼ğŸ–•ğŸ¼ğŸ–•ğŸ¼ğŸ–•ğŸ¼ğŸ–•ğŸ¼ğŸ–•ğŸ¼ğŸ–•ğŸ¼ğŸ–•ğŸ¼ğŸ–•ğŸ¼ğŸ–•ğŸ¼ğŸ–•ğŸ¼ğŸ–•ğŸ¼ğŸ–•ğŸ¼ğŸ–•ğŸ¼ğŸ–•ğŸ¼ğŸ–•ğŸ¼ğŸ–•ğŸ¼ğŸ–•ğŸ¼ğŸ–•ğŸ¼ğŸ–•ğŸ¼ğŸ–•ğŸ¼ğŸ–•ğŸ¼ğŸ–•ğŸ¼ğŸ–•ğŸ¼ @haeevino",316,1.0,1,0,0,0,0,0,0
@SEXURXUHLS can call you a bitch again if you'd like?,317,1.0,1,0,0,0,0,0,0
I want but I don't need the bitch ...,318,1.0,1,0,0,0,0,0,0
@MafiaGirlzWorld @mafiaamirer fucking dumb ass bitch,319,1.0,1,0,0,0,0,0,0
"Love the irony of what starts the fight over Claire at the inn. ""They called you a whore."" Only we can call you that. #Outlander Rent 105",320,1.0,1,0,0,0,0,0,0
@DannyxOcean tried so hard to not make hisself look like a hoe #ArtificialIgnorance,321,1.0,1,0,0,0,0,0,0
@RooneyTheLegend 11 11 11 ELEVEN - ONE REMEMBER BITCH?,322,1.0,1,0,0,0,0,0,0
I'm too clean I'm too holy bitch I'm Godly,323,1.0,1,0,0,0,0,0,0
I can care less about what a bitch or a nigga have to say about me ğŸ‘ŒğŸ¼ğŸ’¯ .,325,3.0,0,0,1,0,0,0,0
A hoe gon be a hoe regardless ğŸ’¯,326,1.0,1,0,0,0,0,0,0
Just Gone Start Coming Even Harder  To Make Every Mad Bitch More Mad ğŸ˜‚ğŸ˜ğŸ˜ğŸ˜œğŸ˜œğŸ˜œğŸ˜ŠğŸ˜ŠğŸ˜ŠâœŒï¸,327,1.0,1,0,0,0,0,0,0
@TommyJoe__ @_OhThereSheGo y'all some hoe ass niggas,328,1.0,1,0,0,0,0,0,0
@_HannahNicole24 bitch mom said you could come over,329,1.0,1,0,0,0,0,0,0
"I like your hoe costume,I really do",333,1.0,1,0,0,0,0,0,0
If u go back to ur ex bc u see him happy n moving on .. ur a bitter ex bye bitch,334,2.0,0,1,0,0,0,0,0
"Hoe = a bitch who aint loyal, fucks with any nigga in sight that she talks to, touchy and feely all 25/8 of the week...",335,1.0,1,0,0,0,0,0,0
"""Why don't you go back to Whore island?""",336,1.0,1,0,0,0,0,0,0
"@David_Cameron Sorry to burst your egotistic bubble but he thinks you're an insignificant cunt, Dave. Sorry, but he just does....you cunt",337,1.0,1,0,0,0,0,0,0
My main chick then my side bitch,338,1.0,1,0,0,0,0,0,0
Fuck that stupid ass hoe,339,1.0,1,0,0,0,0,0,0
i don't need a bitch ğŸ’¯,340,1.0,1,0,0,0,0,0,0
call me a hoe but i want calvin kleins,342,4.0,0,0,0,1,0,0,0
@NuzariBee bitch can I get there ğŸ˜©ğŸ˜©ğŸ˜©,343,7.0,0,0,0,0,0,0,1
But then again we like that hoe ass shit,344,2.0,0,1,0,0,0,0,0
@dimple___beauty bitch you aint got shit,345,1.0,1,0,0,0,0,0,0
Dumb ass stupid ass bitch,346,1.0,1,0,0,0,0,0,0
"I remember when ""party"" meant birthday party, not drunken whore-fest.",347,1.0,1,0,0,0,0,0,0
You act like a bitch nigga and I hate you,348,7.0,0,0,0,0,0,0,1
we be talking liq talk and ima fuck yo bitch to,349,1.0,1,0,0,0,0,0,0
@American_PYSCO bitch finally decide to follow niggas,350,1.0,1,0,0,0,0,0,0
My brother is a hoe ğŸ˜ŠğŸ˜ŠğŸ˜ŠğŸ˜ŠğŸ˜ŠğŸ˜ŠğŸ˜ŠğŸ˜Š,351,1.0,1,0,0,0,0,0,0
came up in that bitch straight reekinğŸƒ,352,2.0,0,1,0,0,0,0,0
Cunt 1 cunt 2 cunt 3 - all of the pussyholes,353,1.0,1,0,0,0,0,0,0
@TheReal5quad go back to sleep hoe,354,1.0,1,0,0,0,0,0,0
"Tell me why yo bitch , keep patrollin like she 5/0",355,1.0,1,0,0,0,0,0,0
@__JazmineP  That bitch make you wanna fuck,356,1.0,1,0,0,0,0,0,0
That bitch said or being under my son ğŸ˜‚ğŸ˜‚ğŸ˜‚,358,1.0,1,0,0,0,0,0,0
@xoxonatalia123 lol bitch I'm in class,359,1.0,1,0,0,0,0,0,0
Throw sum D's on that bitch,360,1.0,1,0,0,0,0,0,0
freaky bitch eat the dick while I'm playing madden,363,4.0,0,0,0,1,0,0,0
"my lil bitch a vet, she said she need a doggg",364,1.0,1,0,0,0,0,0,0
@JZidorMusic nah you the bitch.. Look at ya.. #bitchassnessisnottoleratedinthesestreets#,366,1.0,1,0,0,0,0,0,0
Did you know the most common food allergy is being a little bitch?,367,1.0,1,0,0,0,0,0,0
@mikecantuu I HATE IT SO MUCH LIKE NO BITCH I WAS THERE,369,1.0,1,0,0,0,0,0,0
Like Bitch You Ain't Me ğŸ˜‚ğŸ˜‚ğŸ˜‚,370,1.0,1,0,0,0,0,0,0
Oh look you cancelled on me again for your hoe,371,1.0,1,0,0,0,0,0,0
Hate hate hate hate hate my old boss she's suuuuccchhh a fucking bitch,372,1.0,1,0,0,0,0,0,0
Fuck that lil hoe she a dog you,373,1.0,1,0,0,0,0,0,0
I can't give my heart to no bitch,374,1.0,1,0,0,0,0,0,0
I don't need it to be Halloween for me to be a hoe,375,1.0,1,0,0,0,0,0,0
im lit right now bitch recognize who you with right now,376,1.0,1,0,0,0,0,0,0
"You a hoe, yo momma a hoe &amp; yo granny a hoe who makes double cause she can take out her teeth..",377,1.0,1,0,0,0,0,0,0
@SavageInnaTrap @Paralyzedvirgin ğŸ˜‚ğŸ˜‚ğŸ˜‚ hoe ass,378,1.0,1,0,0,0,0,0,0
Yeah. I'm doing it. I'm going all out on this bitch,379,1.0,1,0,0,0,0,0,0
@jonnygoo fucking hope he does the fat cunt,380,1.0,1,0,0,0,0,0,0
All I ever wanted was a dope bitch,381,1.0,1,0,0,0,0,0,0
Why you gotta curse Rousey's name ğŸ˜‚ bitch,382,2.0,0,1,0,0,0,0,0
@BattlinRise u still haven't told me how u do this u bitch,383,1.0,1,0,0,0,0,0,0
Happy Bday to our sassy Bay!!! Love you cunt @baymchs5,384,1.0,1,0,0,0,0,0,0
I could put a bitch on like worldstar,385,1.0,1,0,0,0,0,0,0
"They can't understand that i simply shine.
But... Ima get mine like real on real . No to that hoe cause it's deals on deals talking for real",386,1.0,1,0,0,0,0,0,0
. When a Bitch Fuckin w. A other Bitch Nogga they Loveeee to talk about it ğŸ˜‚ğŸ‘ğŸ½ğŸ˜‚ğŸ˜‚ğŸ˜‚ğŸ˜‚ğŸ‘ğŸ½ğŸ‘ğŸ½ğŸ‘ğŸ½ğŸ‘ğŸ½ğŸ‘ğŸ½ğŸ‘ğŸ½ğŸ‘ğŸ½ğŸ‘ğŸ½ğŸ˜‚ğŸ˜‚ğŸ˜‚ğŸ˜‚ğŸ˜‚ğŸ˜‚ğŸ˜‚ğŸ˜‚ğŸ˜‚ğŸ˜‚ğŸ‘ğŸ½ğŸ˜‚ğŸ˜‚ğŸ‘ğŸ½ğŸ˜‚ğŸ˜‚ğŸ˜‚ğŸ˜‚ğŸ˜‚ğŸ‘ğŸ½ğŸ‘ğŸ½ğŸ‘ğŸ½ğŸ˜‚ğŸ‘ğŸ½ğŸ˜‚ğŸ‘ğŸ½ğŸ˜‚ğŸ˜˜ğŸ˜ˆ,387,7.0,0,0,0,0,0,0,1
fuck u u hoe I don't want u back,388,1.0,1,0,0,0,0,0,0
"Bitch please, i'm parawhore ğŸ’",389,1.0,1,0,0,0,0,0,0
Bitch I hate you so fucking much,390,4.0,0,0,0,1,0,0,0
I'm the bitch you love to hate.,391,1.0,1,0,0,0,0,0,0
Like do you always have to bitch about something?!?,392,1.0,1,0,0,0,0,0,0
"I don't want hoes, what can a hoe do for me?",393,1.0,1,0,0,0,0,0,0
@graceeyxoxxo bitch our Nigga ğŸ˜­ğŸ˜‚ğŸ˜‚,395,1.0,1,0,0,0,0,0,0
@StarboyTheo don't ever call me a bitch,396,1.0,1,0,0,0,0,0,0
Eat yo bitch like a skittle,397,1.0,1,0,0,0,0,0,0
my hair's bein a lil bitch and never straightens,398,1.0,1,0,0,0,0,0,0
@cianan1997 coz you're a fucking cunt,399,4.0,0,0,0,1,0,0,0
"Bitch Ima choose the dirty over you, you know I ain't scared to lose ya",400,1.0,1,0,0,0,0,0,0
@ThatsMe_Raven Tate hoe act like you don't know,401,1.0,1,0,0,0,0,0,0
"fuck a bitch nigga &amp; his bitch, nigga..",402,1.0,1,0,0,0,0,0,0
I'm so high high high that a bitch can't blow my high,403,1.0,1,0,0,0,0,0,0
"Couple A, B, C's, bad bitch double D, popping E, I don't give a F, told you I'm a G",406,1.0,1,0,0,0,0,0,0
@ShyGlizzy cancel that bitch ğŸ”¥ğŸ”¥ğŸ”¥,407,3.0,0,0,1,0,0,0,0
"Oh you got a new bitch you think you got a new bitch ? She ain't no new bitch , she a used bitch",408,1.0,1,0,0,0,0,0,0
@__rayeeee no tf you don't hoe ğŸ˜©,409,1.0,1,0,0,0,0,0,0
@_tyyyyyyyyyyyy bitch you talk too much ğŸ‘ŠğŸ½ğŸ‘ŠğŸ½,410,1.0,1,0,0,0,0,0,0
"I said I might , I might just fuck your bitch .",411,2.0,0,1,0,0,0,0,0
I'm getting to the Guap bitch I be guapinnn,412,1.0,1,0,0,0,0,0,0
@MrRPMurphy @ladygaga BITCH YOU BETTER SAY YES!!!!!!!!,413,1.0,1,0,0,0,0,0,0
bitch I don't like u i wanna fight u,415,1.0,1,0,0,0,0,0,0
@BHR_RiC don't call her ur bitch though,416,1.0,1,0,0,0,0,0,0
"Say that she miss me, bitch you don't miss me",417,1.0,1,0,0,0,0,0,0
Call the police bitch nigga. CALL THEM.,418,1.0,1,0,0,0,0,0,0
"""Didn't I say get off of me hoe?""",419,1.0,1,0,0,0,0,0,0
@Louis_Tomlinson go home dumbass bitch,420,1.0,1,0,0,0,0,0,0
Treat a queen like a queen and a hoe like a hoe,421,1.0,1,0,0,0,0,0,0
Karma is only a bitch if you are :) Remember that:),422,1.0,1,0,0,0,0,0,0
Fuck I look like hoe? I look like yes and you look like no,423,1.0,1,0,0,0,0,0,0
"I got a perfect relationship with my bed.
Until this bitch ""alarm"" splits us up.",425,1.0,1,0,0,0,0,0,0
Studying can become a revolting bitch at times &gt;_&gt;,426,1.0,1,0,0,0,0,0,0
bitch you don't need to know,428,1.0,1,0,0,0,0,0,0
let that hoe know he in love with that chlochlo,429,1.0,1,0,0,0,0,0,0
@Mantonxx lazy bitch lol pull your finger out,430,1.0,1,0,0,0,0,0,0
"@yixingswoc @Zitaosthot @kadicoupIe same bitch saying ""it's just twitter"" and then talking about twitter relevancy",431,1.0,1,0,0,0,0,0,0
Ima Fall Back And Let Mfs Get They Lil Thoughts Together .. Cuss I Know For A Fact Ain't No Bitch Gone Be There Like I Am ğŸ’¯,432,1.0,1,0,0,0,0,0,0
@BigBlackDaddy27 Lucky bitch getting to serve two daddies.,433,4.0,0,0,0,1,0,0,0
âš½ï¸âš½ï¸âš½ï¸ GOAL ALERT !!! âš½ï¸âš½ï¸âš½ï¸âš½ï¸âš½ï¸ THERE'S A GOAL !!!! âš½ï¸âš½ï¸âš½ï¸âš½ï¸ &amp; THE #CUNT WHO SCORED IT IS ......   GRAHAM 1-0 #WWFC   WHAT A CUNT!!!,434,1.0,1,0,0,0,0,0,0
@S_lina_ i was like really bitch is it? ğŸ˜‚,435,1.0,1,0,0,0,0,0,0
@triflinqueen @majestyjongin bitch if you don't get the fuck,437,3.0,0,0,1,0,0,0,0
Vota Bitch   #MTVStars Beyonce ğŸš¼ Lady Gaga ğŸš¼ Nicki Minaj ğŸš¼ Rihanna,438,1.0,1,0,0,0,0,0,0
@Overshots yeah team mates on my end running in spawns and me just dying instantly off clips from every cunt in the game looking at me,439,1.0,1,0,0,0,0,0,0
Tim loves calling me a hoe,440,1.0,1,0,0,0,0,0,0
@__tiffanyandco you a petty bitch ğŸ˜‚ğŸ˜­ğŸ˜‚ğŸ˜­ğŸ˜‚ğŸ˜­ğŸ˜­ğŸ˜­ğŸ˜‚ğŸ˜­ğŸ˜‚ğŸ˜­ğŸ˜‚ğŸ˜‚ğŸ˜­ğŸ˜­ğŸ˜­ğŸ˜‚ğŸ˜­ğŸ˜‚ğŸ˜­ğŸ˜‚ğŸ˜­,441,1.0,1,0,0,0,0,0,0
Blake's a hoe I swear.ğŸ’€ğŸ˜‚,442,1.0,1,0,0,0,0,0,0
"If a girl cares about you she'll get upset over little things and if you can't handle that, go for a hoe that doesn't care what you do",443,1.0,1,0,0,0,0,0,0
Bitch what ??? Lmao ğŸ˜‚ğŸ˜‚ğŸ˜‚,444,1.0,1,0,0,0,0,0,0
@Madonna DO YOU REALLY KNOW WHO IS REALLY THE BITCH?,445,1.0,1,0,0,0,0,0,0
@rspnlpn bitch pliss.. I knew it.. Ure talking bout me..!! S'hole madafaka..,446,1.0,1,0,0,0,0,0,0
Don't ever be ashamed of who you are. Unless you're a hoe... Then be ashamed.,447,1.0,1,0,0,0,0,0,0
"@cunalinguss @FunnyIines @Ant_Cummings @mylees123 she a hoe, don't got one",448,1.0,1,0,0,0,0,0,0
@jailbaitcore BITCH IM UR FRIEND,449,1.0,1,0,0,0,0,0,0
I'm finna go off in this bitch,450,2.0,0,1,0,0,0,0,0
Any cunt want to start a band?,451,1.0,1,0,0,0,0,0,0
Can based god fuck your bitch?,453,1.0,1,0,0,0,0,0,0
@urgfalbina then don't look at it dumb bitch,454,1.0,1,0,0,0,0,0,0
"you're not a bitch, not even a little. You're a kitten",455,1.0,1,0,0,0,0,0,0
If he's name starts with J he's more than likely a hoe,456,2.0,0,1,0,0,0,0,0
@jtul24 @kicksb4rent ğŸ˜‚ğŸ˜‚ğŸ˜‚ my friend showed it to me in like middle school and I was like bitch wtf?,457,1.0,1,0,0,0,0,0,0
"Say he love me, whatever that is . Do me a favor , say that shit bitch",458,7.0,0,0,0,0,0,0,1
"Let a hoe be a hoe, cause she a broke hoe !!",459,1.0,1,0,0,0,0,0,0
hoes always ganna hoe,460,1.0,1,0,0,0,0,0,0
Yes I'm that bitch ğŸ˜‚,461,4.0,0,0,0,1,0,0,0
@yandereonee @SketchNoteyy @GarbageDollboy fuck off randeef u whore ily,462,1.0,1,0,0,0,0,0,0
@stackorfall_DT I meant did you see bitch stop acting dumb,463,1.0,1,0,0,0,0,0,0
@Natabunny08 i ain't got time for you Bitch bye,464,1.0,1,0,0,0,0,0,0
@jondaniels53 don't start world war three with me lil bitch ğŸ’€ğŸ‘€,465,1.0,1,0,0,0,0,0,0
Look you in your eyes I can see the bitch,466,1.0,1,0,0,0,0,0,0
Fuck a bitch and a lame nigga,467,1.0,1,0,0,0,0,0,0
You know that bitch just hops dick to dick right?,468,1.0,1,0,0,0,0,0,0
That my bitch forever eva. The love we got is forever eva,469,2.0,0,1,0,0,0,0,0
I might see a bitch and forget I hit it,471,4.0,0,0,0,1,0,0,0
@_bvbylex fuck that retake he don't wanna be in that bitch,472,1.0,1,0,0,0,0,0,0
Postman pat looking twat what a cunt,473,1.0,1,0,0,0,0,0,0
FUCK you &amp; your feelings bitch ğŸ–•ğŸ¼ğŸ–•ğŸ¼ğŸ–•ğŸ¼ğŸ–•ğŸ¼ğŸ–•ğŸ¼ğŸ–•ğŸ¼ğŸ–•ğŸ¼ğŸ–•ğŸ¼ğŸ–•ğŸ¼ğŸ–•ğŸ¼,474,1.0,1,0,0,0,0,0,0
Your a stupid fucking bitch âœŒâœŒ,475,1.0,1,0,0,0,0,0,0
BRF- bitch resting face ğŸ˜‚,476,1.0,1,0,0,0,0,0,0
did Michael call Ashton his side hoe on their snapchat,477,1.0,1,0,0,0,0,0,0
@LOVE_briana446 &amp; this dont got anything to do with you or the nxt bitch ğŸ™„ im talking to briana âœŒğŸ¿ï¸ğŸ’€,478,1.0,1,0,0,0,0,0,0
That's Not Yo Bitch If Other Niggas Walking Her To Class,479,1.0,1,0,0,0,0,0,0
@ItsJasonDidee I cunt go until May ğŸ˜¢,480,1.0,1,0,0,0,0,0,0
"""Tell them if he's not part of the solution he is part of the problem then say bitch better have my money""- the shit my dad says ğŸ˜‚",483,1.0,1,0,0,0,0,0,0
"""Rihanna - Bitch Better Have My Money (R3bab remix)""",485,7.0,0,0,0,0,0,0,1
Niggas really bitch made,486,3.0,0,0,1,0,0,0,0
You don't call your girlfriend a hoe. Where the real guys at,487,1.0,1,0,0,0,0,0,0
@Msrichards_2you bitch you was a tomboy ğŸ˜©ğŸ˜­ğŸ˜­ğŸ˜­,489,1.0,1,0,0,0,0,0,0
Found a house party bitch!!!!!,490,1.0,1,0,0,0,0,0,0
yo bitch suckin' on my last name.,492,1.0,1,0,0,0,0,0,0
Guy: I WON THE LOTTERY! Girl: OMG! Guy: Pack your shit! Girl: What should I pack? Guy: Everything bitch you gotta go.,493,1.0,1,0,0,0,0,0,0
@BSfromPS motherfckrz like @AybekMazen are use to fckng there own sisterz you sick son of a bitch,494,1.0,1,0,0,0,0,0,0
I'm down to sprulge on my bitch kuz I don't wife no whores,495,1.0,1,0,0,0,0,0,0
She was a basic bitch till I piped her up.,496,1.0,1,0,0,0,0,0,0
@nsfwmason You're one lucky bitch,497,1.0,1,0,0,0,0,0,0
Can't take a hoe to serious,498,2.0,0,1,0,0,0,0,0
Boo bitch bye!ğŸ‘‹ğŸ½,500,1.0,1,0,0,0,0,0,0
@ThePrissAnn people like this fake bitch here.,501,1.0,1,0,0,0,0,0,0
if u work ur way into becoming a robot like me u won't get mad when ppl hand u cards calling u fat or cunt !!! #psa #psa #psa,502,1.0,1,0,0,0,0,0,0
@Kay_Luree right bitch I gotta stay off u do to ğŸ˜‘ğŸ˜•ğŸ˜’,503,1.0,1,0,0,0,0,0,0
@Fox_toasts we get it I'm a whore ğŸ˜‚,504,1.0,1,0,0,0,0,0,0
Fuck you bitch ass niggas,506,1.0,1,0,0,0,0,0,0
If you actually don't like me then don't be a bitch just don't be my friend lol,507,1.0,1,0,0,0,0,0,0
Okay bitch get yo shit. Like I can't even be mad ğŸ‘ğŸ¿ğŸ‘ğŸ¿ğŸ‘ğŸ¿ğŸ‘ğŸ¿. Honestly motivated,508,1.0,1,0,0,0,0,0,0
I'll swing on yo bitch ass !,509,1.0,1,0,0,0,0,0,0
I don't want that hoe I want that bitch,510,1.0,1,0,0,0,0,0,0
Tfw teacher is a cunt and won't let us use phones while watching a movie,511,1.0,1,0,0,0,0,0,0
Lol. Okay bitch.ğŸ˜‚,512,1.0,1,0,0,0,0,0,0
"@ScallyZach Absolutely true sir! ;) We bitch-boys just deserve to gag on your huge cocks and get choked, slapped, spanked and spat-on too ;)",513,1.0,1,0,0,0,0,0,0
@RichardTacolino why did u change ur @ u cunt ?,515,1.0,1,0,0,0,0,0,0
Ima rain on your parade bitch,516,1.0,1,0,0,0,0,0,0
Fuck yo feelings ain't no sorrys bitch,517,1.0,1,0,0,0,0,0,0
@nyvrythamovie lmfao bitch ğŸ˜‚ğŸ˜‚ğŸ˜‚ğŸ˜‚ğŸ˜‚ğŸ˜‚ğŸ˜‚ğŸ˜‚ğŸ˜‚ğŸ˜‚ğŸ˜‚ğŸ˜‚,518,1.0,1,0,0,0,0,0,0
"ğŸ‘©â€â¤ï¸â€ğŸ‘©ğŸ‘«ğŸ‘©â€â¤ï¸â€ğŸ‘©ğŸ‘«ğŸ‘©â€â¤ï¸â€ğŸ‘©ğŸ‘«ğŸ‘©â€â¤ï¸â€ğŸ‘©ğŸ‘«ğŸ‘©â€â¤ï¸â€ğŸ‘©
ğŸ‘«
ğŸ‘©â€â¤ï¸â€ğŸ‘©.          ğŸ‘¯
ğŸ‘«                   How I Expose a HOE
ğŸ‘©â€â¤ï¸â€ğŸ‘©
ğŸ‘«
ğŸ‘©â€â¤ï¸â€ğŸ‘©
ğŸ‘«ğŸ‘©â€â¤ï¸â€ğŸ‘©ğŸ‘«ğŸ‘©â€â¤ï¸â€ğŸ‘©ğŸ‘«ğŸ‘©â€â¤ï¸â€ğŸ‘©ğŸ‘«ğŸ‘©â€â¤ï¸â€ğŸ‘©ğŸ‘«",519,1.0,1,0,0,0,0,0,0
Like FIND A BITCH ALREADY...,521,1.0,1,0,0,0,0,0,0
@lxgxndary he a bitch ass nigga ğŸ˜‚,522,1.0,1,0,0,0,0,0,0
Bitch Put In or Get Put TF Out,523,1.0,1,0,0,0,0,0,0
Bitch i dont like u,524,1.0,1,0,0,0,0,0,0
"""Or else what bitch"" ğŸ˜‚ğŸ˜­ğŸ˜‚ğŸ˜­",525,1.0,1,0,0,0,0,0,0
Im a lame hoe ? . But all the hoes before n after me was lame  AF THO .,526,1.0,1,0,0,0,0,0,0
61.1 Bitch Better Have My Money $ #MTVStars #MTVStarOf2015 Rihanna ğŸ•  Lady Gaga ğŸ•  Tinie Tempah,527,4.0,0,0,0,1,0,0,0
@allyssamahan @madison_rotondo Sick of your shit. Now fuck off cunt,528,3.0,0,0,1,0,0,0,0
"i just wanna fuck, lil bitch so what",529,1.0,1,0,0,0,0,0,0
"You girls be 13 talking about ""I hate sleeping alone"" .. Well bitch you better buy a damn teddy bear.",530,1.0,1,0,0,0,0,0,0
I'm a crazy bitch ğŸ˜‚,531,1.0,1,0,0,0,0,0,0
But your bitch down like old yeller.,532,4.0,0,0,0,1,0,0,0
Sorry @jackgilinsky but @JackJackJohnson is my main bitch:-) you's my side hoe:-) love you both:/),533,1.0,1,0,0,0,0,0,0
Treat a nigga like a hoe,534,1.0,1,0,0,0,0,0,0
You lil dumb ass bitch,535,1.0,1,0,0,0,0,0,0
if you don't take a picture with @venaerangel she calls you a hoe :/,536,1.0,1,0,0,0,0,0,0
Bitch won't get off his phone,537,1.0,1,0,0,0,0,0,0
d|100 BITCH BETTER HAVE MY MONEY $â™¥ #MTVStarOf2015 #MTVStars Rihanna ğŸŒ¸ Lady Gaga,538,1.0,1,0,0,0,0,0,0
Wish a bitch would â˜ºï¸â˜ºï¸â˜ºï¸â˜ºï¸,539,1.0,1,0,0,0,0,0,0
Bitch Ass ğŸ˜‚ğŸ’¯,540,1.0,1,0,0,0,0,0,0
I swear Ian hiding from NO BITCH period so make sure when u really @ me make sure u @ me now fuck on âœŒï¸ğŸ˜˜,541,1.0,1,0,0,0,0,0,0
"Then he says, ""Fuck you, bitch"" as she leaves... unbelievable! SMH.",542,1.0,1,0,0,0,0,0,0
Bitch I don't need u,543,1.0,1,0,0,0,0,0,0
I just wanna pull up with a bitch with no instagram,544,1.0,1,0,0,0,0,0,0
@BECCCAV3 I love how you're a bad bitch!,545,4.0,0,0,0,1,0,0,0
You spell your name like a bitch @Coby,548,7.0,0,0,0,0,0,0,1
I hate you you dumb ass hoe,549,1.0,1,0,0,0,0,0,0
"""I'm a little hoe for the money""",550,1.0,1,0,0,0,0,0,0
@IamDanteB @TamiRoman  Brandi is a boring and petty Bitch âœŒğŸ½ï¸âœŒğŸ½âœŒğŸ½âœŒğŸ½âœŒğŸ½piece.,551,1.0,1,0,0,0,0,0,0
"Like, hey happy birthday bitch.",552,1.0,1,0,0,0,0,0,0
Bitch I dig it I eat ice cream with my chicken,553,2.0,0,1,0,0,0,0,0
Yo bitch want every nigga,554,1.0,1,0,0,0,0,0,0
lol that beer belly isn't cute hoe,555,1.0,1,0,0,0,0,0,0
Y'all should see this bitch @CrazyAssJazz ğŸ˜‚,556,1.0,1,0,0,0,0,0,0
"Silly hoe, unblock me and apologise",557,1.0,1,0,0,0,0,0,0
"Just ran a bitch off Twitter for jumpin a mom in less than 20 minutes lol it's all gravy tho, you still gon get these hands. #DISRESPECTFUL",558,1.0,1,0,0,0,0,0,0
you better vote bitch! #MTVStars Britney Spears,559,1.0,1,0,0,0,0,0,0
I said don't mess with me bitch ğŸ˜‘ğŸ˜‘ğŸŒµ,561,7.0,0,0,0,0,0,0,1
My phone was on the charger for so long but the bitch wasn't charging,562,1.0,1,0,0,0,0,0,0
"@ryansingleton01 @celticfc a wee greeting face cunt, a wida drapped Gordon weeks ago anaw",563,7.0,0,0,0,0,0,0,1
"""like bitch caalllm dowwwn"" ğŸ˜­ğŸ˜­ğŸ˜­",564,1.0,1,0,0,0,0,0,0
I'm a crazy ass bitch,565,1.0,1,0,0,0,0,0,0
@gfcdiamond @rootsoffight the time has come alright...your time cunt,566,4.0,0,0,0,1,0,0,0
Karma is really a bitch..,567,1.0,1,0,0,0,0,0,0
hate a bitch that delete tweets,569,1.0,1,0,0,0,0,0,0
You think we like you?  Bitch u think again,570,1.0,1,0,0,0,0,0,0
Bitch you know a nigga poppin' wait yo turnnnn,571,1.0,1,0,0,0,0,0,0
Lady C... Does the C stand for cunt? #ImACeleb,572,1.0,1,0,0,0,0,0,0
"If you my nigga , be my nigga ... I don't want a relationship with a bitch nigga",573,1.0,1,0,0,0,0,0,0
"Britney Bitch!
#MTVStars Britney Spears
Preston19",574,1.0,1,0,0,0,0,0,0
That hoe @DTA_Chris in this bitch wit us,575,1.0,1,0,0,0,0,0,0
@kikkyri coz the bitch are so hot ...like a cabe cabean ....kkkkkkkkk,576,1.0,1,0,0,0,0,0,0
"i aint never been a bitch .. 
dont know how to be a hoe ..",577,1.0,1,0,0,0,0,0,0
This bitch ALWAYS got something to say.,578,4.0,0,0,0,1,0,0,0
Bitch didn't get my drink,579,1.0,1,0,0,0,0,0,0
WHEN YOU BLOCK A FAKE BITCH ON SNAPCHAT â˜ºï¸â˜ºï¸â˜ºï¸â˜ºï¸â˜ºï¸â˜ºï¸â˜ºï¸â˜ºï¸â˜ºï¸â˜ºï¸â˜ºï¸â˜ºï¸â˜ºï¸â˜ºï¸â˜ºï¸â˜ºï¸â˜ºï¸â˜ºï¸â˜ºï¸â˜ºï¸â˜ºï¸â˜ºï¸â˜ºï¸â˜ºï¸â˜ºï¸â˜ºï¸â˜ºï¸â˜ºï¸â˜ºï¸â˜ºï¸â˜ºï¸â˜ºï¸â˜ºï¸â˜ºï¸â˜ºï¸â˜ºï¸â˜ºï¸â˜ºï¸â˜ºï¸â˜ºï¸â˜ºï¸â˜ºï¸â˜ºï¸â˜ºï¸â˜ºï¸â˜ºï¸â˜ºï¸â˜ºï¸â˜ºï¸,580,1.0,1,0,0,0,0,0,0
Side hoe problems ğŸ’€ğŸ‘‡ğŸ¾ğŸ‘‡ğŸ¾ğŸ‘‡ğŸ¾,581,1.0,1,0,0,0,0,0,0
@TaleaGrandy thanks hoe ğŸ˜˜ love you too,582,1.0,1,0,0,0,0,0,0
@cvmeron27 come and bitch slap us,583,7.0,0,0,0,0,0,0,1
Being a stripper don't make you a hoe,584,2.0,0,1,0,0,0,0,0
"Britney Bitch!
#MTVStars Iggy Azalea ğŸš€ Lana DeI Rey ğŸš€ Britney Spears ğŸš€ Demi Lovato ğŸš€ Selena Gomez
xxxx1",585,1.0,1,0,0,0,0,0,0
"bitch I'm on my money phone
bitch I'm on my money phone bitch I'm on my money phone
bitch I'm on my money phone bitch I'm on my money phone",586,7.0,0,0,0,0,0,0,1
I cant stand this hoe and her use of the word becky #LHHH,587,7.0,0,0,0,0,0,0,1
@camilleduval__ spell check did me all types of wrong ğŸ˜‚^^ I meant *messy ass hoe,588,1.0,1,0,0,0,0,0,0
ğŸ˜­ğŸ˜­ğŸ˜­ğŸ˜­ğŸ˜­ğŸ˜­ RT @_WordSmiff_: If you wanted her you would've kept her. Move Carl Thomas. Niggas got booty to eat X your bitch on the menu.,589,1.0,1,0,0,0,0,0,0
@NASCAR won't be watching the Roger Penske whore show!,590,1.0,1,0,0,0,0,0,0
I gotta get I gotta go . Nigga I fuck bitches better watch yo hoe .,591,1.0,1,0,0,0,0,0,0
Cause i'm a bad bitch,592,1.0,1,0,0,0,0,0,0
"Bitch please, I dont care if its your brothers damn birthday.",593,1.0,1,0,0,0,0,0,0
Bitch nigga miss me wit it,594,4.0,0,0,0,1,0,0,0
@Bmwilkie say it to my face you little bitch,595,1.0,1,0,0,0,0,0,0
@YoungWild_WIERD bitch how ?ğŸ˜‚ğŸ˜… you blew it,596,1.0,1,0,0,0,0,0,0
Try me bitch ğŸ˜‚ğŸ˜‚ğŸ˜‚ğŸ˜‚,597,1.0,1,0,0,0,0,0,0
you know that i'm a crazy bitch,598,1.0,1,0,0,0,0,0,0
i got your bitch on my phoneğŸ’€,599,1.0,1,0,0,0,0,0,0
@Branaaee_ bitch fuck you ğŸ–•ğŸ½ğŸ–•ğŸ½ğŸ–•ğŸ½ğŸ–•ğŸ½ğŸ–•ğŸ½ğŸ˜˜,601,1.0,1,0,0,0,0,0,0
"That my nigga I call'em Blocka 
That my bitch I call her Betty Crocker 
That my brother I call him hundred 
La Familia ğŸ”¥ğŸ”¥ @iamkevingates",602,1.0,1,0,0,0,0,0,0
Bitch fuck who u wit.,603,1.0,1,0,0,0,0,0,0
"My sister a hoe on god , fuck her she a mark Oml",604,1.0,1,0,0,0,0,0,0
i'm looking damn as bitch,605,3.0,0,0,1,0,0,0,0
"I'm such a bitch.  
...I love it. ğŸ˜ˆ",606,1.0,1,0,0,0,0,0,0
Bitch you act like I ain't up the street or something! ğŸ˜’ RT @ImBlkAnnaNicole: I hate smoking alone but I sure as hell will tonight ğŸ˜,607,1.0,1,0,0,0,0,0,0
@hwags_ 5 foot 6 bitch,608,1.0,1,0,0,0,0,0,0
Every nigga got that one jump fresh outfit they put on right quick when a bitch say come thru at 3 am .,609,4.0,0,0,0,1,0,0,0
My cousin is legit saving up in case his future bitch needs a boob or ass job ğŸ˜‚,610,1.0,1,0,0,0,0,0,0
better watch your back bitch,611,1.0,1,0,0,0,0,0,0
Omg im such a bitch ğŸ˜‚ğŸ˜‚,612,2.0,0,1,0,0,0,0,0
"Kim complained that Kris was ""kicking out a pregnant woman"".. bitch you're rich, why are you even living with your mother?!
#KUWTK",613,2.0,0,1,0,0,0,0,0
@NayNOTNi @kennethraw1 we don't even know you bitch,614,1.0,1,0,0,0,0,0,0
"@KateAurthur I just read some of YF's recent interviews, and I feel like a heartless bitch. Her experiences sound miserable!",615,4.0,0,0,0,1,0,0,0
I'm Eat Fr ğŸ’µğŸ´ Yah Hoe Can tell Yah That ğŸ˜Œ,616,1.0,1,0,0,0,0,0,0
"ğŸ¶We'll never be, never be anything but loudğŸ¶
*Librarian glares at Pink*
""Shh, this is a fucking library you dumb bitch.""",617,1.0,1,0,0,0,0,0,0
Fake eyelashes. Thats ok. Fake boobs. Thats ok. Fake nails. Thats ok. Fake orgasm. Whatever. Turkey bacon Hit the road bitch.,618,4.0,0,0,0,1,0,0,0
Bitch please would you kindly go drown yourself in the ocean.,620,1.0,1,0,0,0,0,0,0
Body hurt like a bitch,621,7.0,0,0,0,0,0,0,1
"One cant even TRY to explain what they really means bc once you make an innocent communication error, ppl go into brainless whiny bitch mode",622,1.0,1,0,0,0,0,0,0
If a bitch can take my nigga from me then she ain't for me,623,1.0,1,0,0,0,0,0,0
@de_jedEye can I bring another bitch or nah ?,624,4.0,0,0,0,1,0,0,0
"Bitch you don't like me, I don't like you neither",625,1.0,1,0,0,0,0,0,0
"ğŸ˜ˆ if u wanna be my hoe, vote ğŸ˜ˆ

#MTVStars One Direction 

-623",626,1.0,1,0,0,0,0,0,0
@Tevin_Jackson lol fuck you bitch ğŸ˜‚,627,1.0,1,0,0,0,0,0,0
My mom is always a Bitch on Christmas ğŸ™„,628,1.0,1,0,0,0,0,0,0
I don't talk to bitches who don't get they feet done.. No Bitch.. Bye Bitch,630,1.0,1,0,0,0,0,0,0
I told my bitch to dye her hair red like Dennis Rodman,631,1.0,1,0,0,0,0,0,0
Idk why my cousin acts like a bitch to me,632,1.0,1,0,0,0,0,0,0
Fuck this fuck you fuck everything fuck everyone dolo bitch,633,1.0,1,0,0,0,0,0,0
tweet in like a bitch ğŸ˜­,635,1.0,1,0,0,0,0,0,0
Hoes gonna be hoes... No changing a hoe,636,1.0,1,0,0,0,0,0,0
Bitch I'm rich just like a Simmons not Lil Diggy,637,1.0,1,0,0,0,0,0,0
bitch im gonna un-bae yo ass,638,1.0,1,0,0,0,0,0,0
Now I'm with my next bitch ğŸ˜‚,639,1.0,1,0,0,0,0,0,0
Got my grade back from my test and a Bitch pass em ğŸ’ƒğŸ½ğŸ’ƒğŸ½ğŸ’ƒğŸ½ğŸ’ƒğŸ½ğŸ’ƒğŸ½,640,4.0,0,0,0,1,0,0,0
@luke_brooks LUKE FOLLOW ME BITCH,641,1.0,1,0,0,0,0,0,0
also being a total fucking bitch is cool too,642,4.0,0,0,0,1,0,0,0
When I see hate account saying off if OtrA is ending I don't stan 1D then why the fuck R you tweeting bout it cunt.ğŸ–•ğŸ–•ğŸ–•,643,1.0,1,0,0,0,0,0,0
I can buy a nigga hoe but I don't want a bitch,644,1.0,1,0,0,0,0,0,0
"Hood Bitch, Hood Rich ğŸ“¢",645,1.0,1,0,0,0,0,0,0
"we don't want no bum bitch , no we don't want no bum bitch , we don't want no bum bum bum bum bum ğŸ˜‚",646,1.0,1,0,0,0,0,0,0
Back Up Off Me Bitch I Said Back Up Off Me â—ï¸,647,1.0,1,0,0,0,0,0,0
Don't spend no time on a bitch if she ain't fireee,648,3.0,0,0,1,0,0,0,0
Don't make me expose you bitch,649,1.0,1,0,0,0,0,0,0
"@krstiantan putangina tapos pangalan pa ng pptx ""Tan's Group"" OMYGOD. WTF ""CUNT CUNT CUNT CUNT CUNT CUNT CUNT CUNT CUNT CUNT CUNT CUNT x20""",650,1.0,1,0,0,0,0,0,0
left the hoe at the hotel ğŸ’ªğŸ¾,651,1.0,1,0,0,0,0,0,0
Well done Mr. Cameron you pig shagging cunt ğŸ‘,652,1.0,1,0,0,0,0,0,0
"Hope that pikey cunt Fury gets knocked out, moaning cunt making excuses before the bout's even happened",653,1.0,1,0,0,0,0,0,0
@PNW18 @daisygirl721 Turns out she was being a bitch because she and her husband are separated. We just found out.,654,1.0,1,0,0,0,0,0,0
"trust no man, fear no bitch",655,1.0,1,0,0,0,0,0,0
"When your Chem teacher calls Marie #Curie a ""Bad Bitch""",656,1.0,1,0,0,0,0,0,0
I got bitch trayed ğŸ˜‚ğŸ˜‚ğŸ˜‚ğŸ˜‚,657,2.0,0,1,0,0,0,0,0
BITCH I SAID ARE WE CLEAR!!! WELCOME TO MY STREETS BITCH ğŸ‘ğŸ¾ğŸ‘ğŸ¾ğŸ‘ğŸ¾ğŸ‘ğŸ¾ğŸ‘ğŸ¾ğŸ‘ğŸ¾ğŸ‘ğŸ¾ğŸ‘ğŸ¾ğŸ‘ğŸ¾ğŸ‘ğŸ¾ğŸ‘ğŸ¾ğŸ‘ğŸ¾ğŸ‘ğŸ¾ğŸ‘ğŸ¾ğŸ‘ğŸ¾ğŸ‘ğŸ¾ğŸ‘ğŸ¾ğŸ‘ğŸ¾ğŸ‘ğŸ¾ğŸ‘ğŸ¾ğŸ’£ğŸ’£ğŸ’£,658,7.0,0,0,0,0,0,0,1
Karma is a bitch &amp; that bitch don't love ya.,659,1.0,1,0,0,0,0,0,0
@yvngprincess_ das how you feel ? SMD hoe . ğŸ˜ŒğŸ–•ğŸ½ğŸ–•ğŸ½ğŸ–•ğŸ½ğŸ–•ğŸ½ğŸ–•ğŸ½ğŸ–•ğŸ½ğŸ–•ğŸ½ğŸ–•ğŸ½ğŸ–•ğŸ½ğŸ–•ğŸ½ğŸ–•ğŸ½ğŸ–•ğŸ½ğŸ–•ğŸ½ğŸ–•ğŸ½ğŸ–•ğŸ½ğŸ–•ğŸ½,660,7.0,0,0,0,0,0,0,1
TOLD THAT BITCH DONT CALL MY PHONE WITH ALLAT NONSENSE â—ï¸â—ï¸â—ï¸â—ï¸â—ï¸â—ï¸â—ï¸â—ï¸â—ï¸â—ï¸â—ï¸â—ï¸â—ï¸,661,1.0,1,0,0,0,0,0,0
I'm bout to stiff arm this hoe!!,662,1.0,1,0,0,0,0,0,0
Kant fw a lil childish bitch who want everybody,663,1.0,1,0,0,0,0,0,0
"Okay if a female dog is called ""bitch"" then whats a male dog called??? Gay? :/",664,1.0,1,0,0,0,0,0,0
I need a bad thurl dark skin bitch,665,7.0,0,0,0,0,0,0,1
What's the synonym of sick little dumb spoiled oversensitive rides-every-possible-dick low-IQ bitch?,666,1.0,1,0,0,0,0,0,0
People bitch about interrogating and torturing terrorists..meanwhile they cut our troops heads off on video for fun..I don't get it.,667,1.0,1,0,0,0,0,0,0
A hoe gone be a hoe they ain't ğŸ’¯,668,7.0,0,0,0,0,0,0,1
3 FUCKING 2 WHAT UP BITCH,669,1.0,1,0,0,0,0,0,0
IM SINGLE BUT MY BITCH AINT,670,1.0,1,0,0,0,0,0,0
RT @TrillAmerican: â€œThat bitch has a nameâ€,671,1.0,1,0,0,0,0,0,0
Bitch I Make It Rain Shawty You Dig That . ğŸ’ªğŸ¾,672,1.0,1,0,0,0,0,0,0
Yo bitch ain't yo bitch that's MY BITCH ğŸ¤‘ğŸ’ğŸ½,673,1.0,1,0,0,0,0,0,0
"I actually miss chilling with Ashanti. But first she must shout at me for 20 minutes, then she tells me I must go through a hoe phase.",674,2.0,0,1,0,0,0,0,0
"If a female has a big butt and it's natural then I'll be like well damn. But if it's fake, you're just like any basic bitch trying to fit in",676,1.0,1,0,0,0,0,0,0
"Bitch ass, hoe ass, suck my ass 
@mariahdestiny__",677,1.0,1,0,0,0,0,0,0
"A bitch can't nvr tell me she late, the condoms I use don't break",678,1.0,1,0,0,0,0,0,0
Someone just spoiled season 5 of American Horror Story for me. What a cunt v,679,1.0,1,0,0,0,0,0,0
Make we Leave OTE for once...That Ball Na Goal....Goal Line technology is a bitch ğŸ˜‚ğŸ˜‚ğŸ˜‚ğŸ˜‚ğŸ˜‚,680,1.0,1,0,0,0,0,0,0
If I call a bitch ugly she really ugly,681,7.0,0,0,0,0,0,0,1
Once you hate someone everything they do is annoying. Look at this bitch sitting there breathing like she owns the place.,682,1.0,1,0,0,0,0,0,0
"Bitch boy you can't hide from the evil inside 
Eat the fucking .45 everybody bout to die",683,1.0,1,0,0,0,0,0,0
@hxleyjames ELOISE IS MY CHRISTMAS BITCH I LOVE HER CHRISTMAS MOVIE I JUST WATCHED IT,684,1.0,1,0,0,0,0,0,0
"When a girl say ""I don't suck dick"" I be on some Justin bieber shit ""bitch fym?Ohh   You better get on yo knees or go get yo keys bitch fym""",685,2.0,0,1,0,0,0,0,0
Sipon you know? You're so fucking bitch,687,1.0,1,0,0,0,0,0,0
"""he discovered america"" bitch he didn't. and he didn't even think he'd arrived to a new continent. he thought he was in asia.",688,1.0,1,0,0,0,0,0,0
"@allabouttrump @ZaffodB @DWillem10 @ForQ2 @ErickErickscum Says the cunt that can't spell ""you"" or ""are"" correctly.",689,1.0,1,0,0,0,0,0,0
@madiemarien bitch maybe if you would have tied your shoes you would have been able to come see me ğŸ”«ğŸ–•ğŸ¼ lol @Tiedeman18T,690,1.0,1,0,0,0,0,0,0
"dear ex.ğŸ’” : Glad we broke up
dear self.ğŸ‘½ : Do better
dear crush.ğŸ˜: Hey big daddy let me whisper in your ear
dear school.ğŸ«: Burn bitch Burn",691,1.0,1,0,0,0,0,0,0
Lil bitch...ya time is up *flava flav voice*,692,1.0,1,0,0,0,0,0,0
I got no relationship nor bitch cuz I'm in love with money!,693,3.0,0,0,1,0,0,0,0
"I don't say ""bitch imma fuck you up "" no bitch it's just as simple as ""you trynna link "" bitch stop it with the tweets ğŸ˜… Chinese assğŸ˜‘",694,1.0,1,0,0,0,0,0,0
@DuvallMaya your cat looks like a bitch just like ponellopie,695,1.0,1,0,0,0,0,0,0
@DrEmber_C I'm a classy bitch thank you!,696,1.0,1,0,0,0,0,0,0
@Michael5SOS @sorryimalex ya bitch ive been tweeting u for a few yrs now and he tweets u once and u lick his ass pls respect me,697,4.0,0,0,0,1,0,0,0
"@RackoverRaquel umm, I never brought him up so why did you? Guilt? Huh?  You love chimps don't you bitch",698,1.0,1,0,0,0,0,0,0
Eish this Nombuso chick is a bitch though...,699,1.0,1,0,0,0,0,0,0
Please please  bitch don't test me,700,1.0,1,0,0,0,0,0,0
Its A Dirty A World But That Bitch Still Spin,701,1.0,1,0,0,0,0,0,0
@kvcalm___ ğŸ˜‚ğŸ˜‚ğŸ˜‚ what if they don't have no bitch ?,702,7.0,0,0,0,0,0,0,1
Gucci only to the grocery store. Stop playing bitch we balling like Okafor.,703,2.0,0,1,0,0,0,0,0
Lmfao as long as I dont go to jail I'm straight a bitch got school Monday ğŸ˜‚,704,1.0,1,0,0,0,0,0,0
I have figured out my karma for being a bully bitch all those years.,705,4.0,0,0,0,1,0,0,0
"lately you say she been killing the vibe, can't turn no hoe to no wife.",706,4.0,0,0,0,1,0,0,0
100.1 Bitch Better Have My Money $ #MTVStars #MTVStarOf2015 Rihanna ğŸ•  Lady Gaga ğŸ•  Nicki Minaj,707,1.0,1,0,0,0,0,0,0
@_LEXK22 Bitch Next Time Call Me - ğŸ™„,708,3.0,0,0,1,0,0,0,0
@kylieCoco__ BITCH STFU like Who is talking to you?,709,2.0,0,1,0,0,0,0,0
Lol fuck u bitch,710,1.0,1,0,0,0,0,0,0
"all my diamonds shinin cuz they really diamonds, that bitch is in line they be really tryinnnn",711,1.0,1,0,0,0,0,0,0
Don't like me ? JOIN THE MOTHERFUCKING CLUB BITCH ğŸ‘«ğŸ‘¬ğŸ‘¬ğŸ‘­ğŸ‘«ğŸ‘¨â€ğŸ‘©â€ğŸ‘§ğŸ‘©â€ğŸ‘©â€ğŸ‘§â€ğŸ‘¦ğŸ‘©â€ğŸ‘©â€ğŸ‘¦â€ğŸ‘¦ğŸ‘©â€ğŸ‘©â€ğŸ‘§ğŸ‘¬ğŸ‘¬ğŸ‘©â€ğŸ‘©â€ğŸ‘§â€ğŸ‘¦ğŸ‘¬ğŸ‘©â€ğŸ‘©â€ğŸ‘§â€ğŸ‘¦ğŸ‘©â€ğŸ‘©â€ğŸ‘¦â€ğŸ‘¦ğŸ‘©â€ğŸ‘©â€ğŸ‘¦â€ğŸ‘¦ğŸ‘¨â€ğŸ‘¨â€ğŸ‘¦â€ğŸ‘¦ğŸ‘¨â€ğŸ‘©â€ğŸ‘§ğŸ‘¨â€ğŸ‘©â€ğŸ‘§ğŸ‘¬ğŸ‘«ğŸ‘­ğŸ‘«ğŸ‘¨â€ğŸ‘©â€ğŸ‘§â€ğŸ‘¦,712,1.0,1,0,0,0,0,0,0
This bitch ain't gon like me at ALL!,713,1.0,1,0,0,0,0,0,0
@jizzzzelly can I see you? Like you hid from me yesterday hoe,714,1.0,1,0,0,0,0,0,0
@JillianDelanie @sydneyysouth don't call my girl a hoe,715,1.0,1,0,0,0,0,0,0
""" don't call my bitch a bitch "" ğŸ˜‚",716,1.0,1,0,0,0,0,0,0
a Bitch a be the reason 4 why Shit Is the way it is then be low key mad wen you just giving em wat they was asking 4 ğŸ‘ these hoes brazy,717,2.0,0,1,0,0,0,0,0
@giapetrelli and I'm not trying to be a bitch right now.,718,1.0,1,0,0,0,0,0,0
"Every man not a dawg 
Every woman not a hoe just most got bad intentions",720,1.0,1,0,0,0,0,0,0
I'm actually such a bitch how do people like me,721,3.0,0,0,1,0,0,0,0
Bitch I'm The Devilâ€¼ï¸â€¼ï¸â€¼ï¸â€¼ï¸â€¼ï¸â€¼ï¸ğŸ’ğŸ½ğŸ˜ˆ,722,4.0,0,0,0,1,0,0,0
Don't be my friend when you feel like it then talk shit about me. You stupid cunt,723,4.0,0,0,0,1,0,0,0
that bitch slow slim ğŸ˜‚,724,1.0,1,0,0,0,0,0,0
@tyraachristine @SexualGif jk bitch. I'm too tired,725,1.0,1,0,0,0,0,0,0
Bitch bitch little bitch Ä± met you my bitch jesse bitch yeaaahh bitch jesseeee bitch no,726,2.0,0,1,0,0,0,0,0
"@Mr_Coleman10 I just told you , don't be a bitch. Man up",727,1.0,1,0,0,0,0,0,0
@Timbers_Jim @irlchuggo @dumbmongreldog oh that cunt he can fuck right off,728,1.0,1,0,0,0,0,0,0
"I'm just a hoe ass gangbanger, what do I know?",729,1.0,1,0,0,0,0,0,0
@NathanSykes all i want is to watch your video but youtube is being a bitch.,730,4.0,0,0,0,1,0,0,0
"@Dogsplained Ê• ãƒâ€¢Ì€á´¥â€¢ÌÊ”ãƒ Bitch, I didn't stutter.",731,7.0,0,0,0,0,0,0,1
See You Again fat ass bitch,732,1.0,1,0,0,0,0,0,0
but I'm not a hoe like him so idem @c_p_20 ğŸ˜Š,733,1.0,1,0,0,0,0,0,0
I don't talk bout people ' âœ‹you ah never hear me saying some bout what a bitch got or wearing !!! That mean im worried &amp; im not at all !!!,734,1.0,1,0,0,0,0,0,0
A hoe is like the first slice of bread in a loaf.. Everybody touches it but nobody wants it.,735,4.0,0,0,0,1,0,0,0
@xRainingGlitter bitch leave my man alone!,736,1.0,1,0,0,0,0,0,0
@JussieSmollett on top of you being a pioneer you have become a sex symbol for the gay community hoe does it feel to have this title?,737,1.0,1,0,0,0,0,0,0
You can try to kiss everyone's ass all you want but everyone still knows how much of a crazy bitch you are lol oops,739,1.0,1,0,0,0,0,0,0
@adasiacymone I love you bitch I will never stop loving you bitch â¤ï¸â¤ï¸â¤ï¸â¤ï¸â¤ï¸â¤ï¸â¤ï¸â¤ï¸â¤ï¸,740,1.0,1,0,0,0,0,0,0
Got me fucked up I won't trip about a hoe no!,741,2.0,0,1,0,0,0,0,0
Don't front on the bitch that was there REMEMBER that !!!,742,1.0,1,0,0,0,0,0,0
ğŸ˜‚ğŸ˜‚ğŸ˜‚ that hoe is funny,743,7.0,0,0,0,0,0,0,1
Him say na ratchet hoe ğŸ˜€ğŸ˜ğŸ˜‚ğŸ˜€ğŸ˜ğŸ˜‚ğŸ˜€ğŸ˜ğŸ˜‚ğŸ˜€ğŸ˜ğŸ˜‚ğŸ˜€ğŸ˜ğŸ˜‚ğŸ˜€ğŸ˜ğŸ˜‚ğŸ˜€ğŸ˜ğŸ˜‚ğŸ˜€ğŸ˜ğŸ˜‚ğŸ˜€ğŸ˜ğŸ˜ğŸ˜‚ğŸ˜ğŸ˜ğŸ˜‚ğŸ˜€ğŸ˜‚ğŸ˜‚ğŸ˜€ğŸ˜ğŸ˜ğŸ˜€ğŸ˜,745,1.0,1,0,0,0,0,0,0
i dont like a bitch nigga,746,1.0,1,0,0,0,0,0,0
We don't smoke blunts bitch.,747,1.0,1,0,0,0,0,0,0
Bitch imma dog imma fighter,748,1.0,1,0,0,0,0,0,0
niggas on the internet hate me bc i get more money than them n i look better n pussy juice up better than they bitch,749,1.0,1,0,0,0,0,0,0
His bitch so weak I thought I had some real competition,750,1.0,1,0,0,0,0,0,0
YUUUUSSS BITCH I'd be like I'm you're being a cock block âœ‹ğŸ» lemme get my nut and then come back and we'll talk ğŸ˜‚ğŸ˜‚ğŸ˜‚ - only @JerikaJohnson2,751,1.0,1,0,0,0,0,0,0
@RealFKNNews The USA is the great whore of Babylon...,752,2.0,0,1,0,0,0,0,0
She treats her daughter so uglu and and goes all crazy bitch when her son,753,1.0,1,0,0,0,0,0,0
If a bitch was to bring up our baby on some weird shit on the Internet . I'd say something like who's place is that ????,754,1.0,1,0,0,0,0,0,0
"@giiimariiie u are the most down bitch i know, i love u",755,1.0,1,0,0,0,0,0,0
I hope you ain't subtweeting about me like a lil bitch would,756,2.0,0,1,0,0,0,0,0
I know Ima get my bitch back,757,1.0,1,0,0,0,0,0,0
Bitches be like are you lil mad or big mad. Bitch is you lil broke or big broke ğŸ˜‚,759,1.0,1,0,0,0,0,0,0
Getting sick. Ain't this about a bitch!!!,760,1.0,1,0,0,0,0,0,0
"""I think I might love this bitch, Fam."" ğŸ˜‚ğŸ˜‚ğŸ˜‚ğŸ˜‚ğŸ˜‚",761,7.0,0,0,0,0,0,0,1
"ğŸ¶""Getting super high tryin to stay low key suicide my doors, suicide my doors bad bitch of the year you should win an award"" ğŸ¶-TygağŸ’™",762,2.0,0,1,0,0,0,0,0
It's funny when a nothing ass nigga want to call you a nothing ass bitch,763,3.0,0,0,1,0,0,0,0
@ahzisanahgase wassup bitch ğŸ™†ğŸ»,764,1.0,1,0,0,0,0,0,0
@mexinonblonde @Shot_Of_Cabo well well well let's get down to it then bitch;),766,1.0,1,0,0,0,0,0,0
@skinnyzialI @rnbszap u keep pronouncing it wrong hoe,767,1.0,1,0,0,0,0,0,0
Tan ass bitch ğŸ˜¾ğŸ˜¾,768,1.0,1,0,0,0,0,0,0
@abbiefarrell shut ur dirty whore mouth,769,1.0,1,0,0,0,0,0,0
@Vampiresca_Love @Louis1991Tommo1 just because I'm a fan account he thinks I'm doing wrong. He called me a whore basically,770,1.0,1,0,0,0,0,0,0
@obliviousjosian I said good game you bitch,771,1.0,1,0,0,0,0,0,0
Ima keep a bad bitch no matter what,772,1.0,1,0,0,0,0,0,0
Stop being such an immature whore maybe???,773,1.0,1,0,0,0,0,0,0
I guess that cunt getting eaten,774,1.0,1,0,0,0,0,0,0
RT BritneysPHarmy: It's Britney Bitch! #MTVStars Britney Spears GRaajKumaar GRaajKumaar GRaajKumaar GRaajKumaar,775,1.0,1,0,0,0,0,0,0
@WHlTECRIES we don't want u hoe,776,3.0,0,0,1,0,0,0,0
"Mr. Steal your girl
 Mr. Steal your hoe
  Mr. Steal your cookies",777,1.0,1,0,0,0,0,0,0
must  b nice that your parents buy u everything must b nice that u don't kno the value of a dollar must b nice to b a cunt must b nice :--)),778,3.0,0,0,1,0,0,0,0
In the mood to beat a bitch face in !!!!!,779,1.0,1,0,0,0,0,0,0
@BIGG_GUCCI_NATE tell devo hoe ass not to take an hour to come ğŸ˜’ I'll literally be back home in 10 min ğŸ˜’,780,1.0,1,0,0,0,0,0,0
Works going to be a bitch tomorrow,781,1.0,1,0,0,0,0,0,0
"Girls that call themselves ""bitch"" as a cute meme is not cute",782,7.0,0,0,0,0,0,0,1
like bitch do you ever stfu.,783,7.0,0,0,0,0,0,0,1
Junhoe the main bitch yes yes,784,1.0,1,0,0,0,0,0,0
People be on some much hoe shit u can't even be mad at them the shit in the airğŸ‘ğŸ¾,785,1.0,1,0,0,0,0,0,0
Idk if my anxiety is just being a little bitch or what,786,7.0,0,0,0,0,0,0,1
Bad bitch wanna fuck,787,4.0,0,0,0,1,0,0,0
"She's a bad bitch , super bad bitch",789,1.0,1,0,0,0,0,0,0
Can't let a bitch finesse me,790,3.0,0,0,1,0,0,0,0
"that's how you know your goals not big enough. you have time everyday to argue w/ women on here about what makes them ""ugly"", a hoe etc",791,1.0,1,0,0,0,0,0,0
@pledis17__STAFF @pasteItae YOU'RE UNREAL IM NOT EVEN SWERVING YOU BITCH,792,1.0,1,0,0,0,0,0,0
@kayhollidayy love ya too bitch. ğŸ˜‚ğŸ˜©,793,1.0,1,0,0,0,0,0,0
@AllAboutCaydis I know bitch . It's not hard,794,2.0,0,1,0,0,0,0,0
@brazuguesa miss u bitch ğŸ’ŸğŸ’Ÿ,795,1.0,1,0,0,0,0,0,0
"Bitch, smh u don't smoke tho ğŸ˜´",796,2.0,0,1,0,0,0,0,0
@_bvbylex fuck that retake he don't wanna be in that bitch,797,1.0,1,0,0,0,0,0,0
Don't let a bitch interfere.,798,1.0,1,0,0,0,0,0,0
A part of me wants to buy new clothes. Another part of me wants to not be a broke bitch.,799,1.0,1,0,0,0,0,0,0
"Long ass clip that's 30, gotta body on that bitch, that's dirty",800,4.0,0,0,0,1,0,0,0
Don't try to out bitch me because I promise I can be a bigger bitch than you can â˜ºï¸â˜ºï¸â˜ºï¸â˜ºï¸â˜ºï¸â˜ºï¸â˜ºï¸â˜ºï¸â˜ºï¸â˜ºï¸â˜ºï¸â˜ºï¸â˜ºï¸â˜ºï¸â˜ºï¸â˜ºï¸â˜ºï¸â˜ºï¸â˜ºï¸â˜ºï¸â˜ºï¸â˜ºï¸â˜ºï¸â˜ºï¸â˜ºï¸â˜ºï¸â˜ºï¸â˜ºï¸â˜ºï¸,801,1.0,1,0,0,0,0,0,0
Notice how he slyly corrected that hoe when she said jongin lol...,802,1.0,1,0,0,0,0,0,0
Fucking annoying ass bitch .,803,1.0,1,0,0,0,0,0,0
"""Kill us both!""
""No! Kill yo side bitch!""",804,1.0,1,0,0,0,0,0,0
There the whore we all know and love #GH,805,1.0,1,0,0,0,0,0,0
"It's Britney Bitch!
#MTVStars Britney Spears
Opsss48",806,1.0,1,0,0,0,0,0,0
@Zack_Fox20 only your bitch ass would say that,807,7.0,0,0,0,0,0,0,1
move bitch !!!!!!! get out the way,808,1.0,1,0,0,0,0,0,0
Bitch had me cryin LaughingğŸ˜©ğŸ˜­ğŸ˜­ğŸ˜­ğŸ˜‚ğŸ˜‚ğŸ˜‚ğŸ˜©ğŸ˜‚,810,1.0,1,0,0,0,0,0,0
They call me Mr. Over do it bitch ğŸ˜‚,811,2.0,0,1,0,0,0,0,0
Told that bitch don't call my phone with all that nonsense,812,1.0,1,0,0,0,0,0,0
i wish this bitch would stop watching me,813,1.0,1,0,0,0,0,0,0
99 problems but a bitch bet not be nann,814,1.0,1,0,0,0,0,0,0
one hoe to my left and one to my right,815,3.0,0,0,1,0,0,0,0
"bitch better not say NOTHING to me, family or not bitch you can still get beat up.",817,2.0,0,1,0,0,0,0,0
@baaabbyluis THAT WAS FOR HOMECOMING! I am queen bitch as declared! You are queen of tumblr!,818,1.0,1,0,0,0,0,0,0
Val u a hoe and u know it,819,4.0,0,0,0,1,0,0,0
@bossupmaci told you bitch now say sorry,820,1.0,1,0,0,0,0,0,0
Hoes Be Likee  I NEED LOVE &amp; AFFECTION  No Bitch.... You Need BIRTH CONTROL &amp; PROTECTION !,821,1.0,1,0,0,0,0,0,0
I'm so good bitch picture me not,822,1.0,1,0,0,0,0,0,0
@MeMitchieT No one anit doing nothing about it so I'm worthless and a bitch,823,1.0,1,0,0,0,0,0,0
Bitch ass blocked me ğŸ˜‚ğŸ˜‚,824,1.0,1,0,0,0,0,0,0
Rule #1 of a Boss ass bitch. NEVER let a clown nigga try to play you,825,1.0,1,0,0,0,0,0,0
Bitch I'm bout that action,826,1.0,1,0,0,0,0,0,0
@mary98x @__miss_k_ @_ammar23_ I wish a bitch would try her,828,7.0,0,0,0,0,0,0,1
ğŸ˜‚ğŸ˜‚ğŸ˜‚ your girlfriend is a bitch to that nigger she rejected,829,1.0,1,0,0,0,0,0,0
"Female is dehumanizing....queen is too...but slut, bitch and Ho are being ""reclaimed""...why not reclaim female too?",830,1.0,1,0,0,0,0,0,0
I hate any bitch dat Eva got a chance to fuck my nigga before ğŸ˜‚ğŸ˜©ğŸ˜‚ğŸ˜–ğŸ˜–ğŸ˜–ğŸ˜–ğŸ‘ŠğŸ¼ğŸ‘ŠğŸ¼ğŸ‘ŠğŸ¼ğŸ‘ŠğŸ¼ğŸ‘ŠğŸ¼ğŸ‘ŠğŸ¼ğŸ‘ŠğŸ¼ğŸ‘ŠğŸ¼ğŸ‘ŠğŸ¼ğŸ‘ŠğŸ¼ğŸ‘ŠğŸ¼ğŸ‘ŠğŸ¼ğŸ‘ŠğŸ¼ğŸ‘ŠğŸ¼ğŸ‘ŠğŸ¼ğŸ‘ŠğŸ¼ğŸ‘ŠğŸ¼ğŸ‘ŠğŸ¼ğŸ‘ŠğŸ¼ğŸ‘ŠğŸ¼ğŸ‘ŠğŸ¼ğŸ‘ŠğŸ¼ğŸ‘ŠğŸ¼,831,7.0,0,0,0,0,0,0,1
@aprilbriggs_ i'll kill u bitch,832,1.0,1,0,0,0,0,0,0
You better handcuff your hoe with a zip tye,833,1.0,1,0,0,0,0,0,0
Missed three calls now the bitch bugging,834,1.0,1,0,0,0,0,0,0
when your favorite enemy stay on all your social media ğŸ˜˜ğŸ˜ğŸ˜˜ğŸ˜ğŸ˜˜ğŸ˜ğŸ˜˜ğŸ˜ğŸ˜˜ğŸ˜ğŸ˜˜ğŸ˜ğŸ˜˜ğŸ˜˜ğŸ˜ğŸ˜˜ğŸ˜ğŸ˜˜ğŸ˜ğŸ˜˜ğŸ˜ğŸ˜˜ğŸ˜ğŸ˜˜ğŸ˜ğŸ˜˜ğŸ˜ğŸ˜˜ğŸ˜ğŸ˜˜ğŸ˜ğŸ˜˜ğŸ˜ğŸ˜˜ğŸ˜ğŸ˜˜ğŸ˜ğŸ˜˜ğŸ˜ğŸ˜˜ğŸ˜ğŸ˜˜ğŸ˜ğŸ˜˜ğŸ˜ğŸ˜˜ğŸ˜ğŸ˜˜ğŸ˜ğŸ˜˜ğŸ˜ğŸ˜˜ğŸ˜ğŸ˜˜ğŸ˜ğŸ˜˜ğŸ˜ğŸ˜˜ğŸ˜ğŸ˜˜ğŸ˜ğŸ˜˜ğŸ˜ğŸ˜˜ HEY BITCH,835,1.0,1,0,0,0,0,0,0
No hoe put fear in my heart,836,1.0,1,0,0,0,0,0,0
If I knew she was a hoe I woulda fined her,837,1.0,1,0,0,0,0,0,0
"and just like that, I'm over your bitch ass",838,1.0,1,0,0,0,0,0,0
never fucked w a white bitch til me lmfaoo,840,2.0,0,1,0,0,0,0,0
I know a bitch on go when I say so,841,4.0,0,0,0,1,0,0,0
bitch I don't like u i wanna fight u,842,1.0,1,0,0,0,0,0,0
And I know you twatching me FUCK YOU BITCH ğŸ–•ğŸ¾ğŸ–•ğŸ¾ğŸ–•ğŸ¾ğŸ–•ğŸ¾ğŸ–•ğŸ¾ğŸ–•ğŸ¾,843,1.0,1,0,0,0,0,0,0
@akunnamatata_  And also I hate Myles now he's a whole BITCH,844,1.0,1,0,0,0,0,0,0
Bad bitch rolling w/ me.,845,1.0,1,0,0,0,0,0,0
ğŸ¤” what is beef ğŸ˜­ ain't nobody stressing on a lame hoe ğŸ…¿ï¸ğŸ™„,846,2.0,0,1,0,0,0,0,0
U just another lying bitch ass nigga ğŸ’¯ğŸ’¯ğŸ’¯ğŸ’¯ğŸ˜´ğŸ˜´ğŸ˜´ğŸ˜´ğŸ˜‚ğŸ˜‚ğŸ’€ğŸ˜‚ğŸ’€ @CordaniTyler,847,1.0,1,0,0,0,0,0,0
"I'm tryna calm down , I Called my bitch she said calm down.",848,1.0,1,0,0,0,0,0,0
People think I'm funny but I'm just being a bitch.,849,2.0,0,1,0,0,0,0,0
@xciuu_ Haha you're a bitch ğŸ˜‚,850,4.0,0,0,0,1,0,0,0
I swear if y'all could just see what I see &amp; what I get told. People will understand why I'm about to be the biggest bitch EVER!,851,1.0,1,0,0,0,0,0,0
@Lovexryanne_ I called him a slut and he said whore*,852,4.0,0,0,0,1,0,0,0
That nigga talking like a hoe tell that bitch nigga speak up,853,1.0,1,0,0,0,0,0,0
Tune is this bitch tell my niggas throw them Bs up,854,1.0,1,0,0,0,0,0,0
Why does my family get so mad if I talk to a boy just as a friend they curse me n call me a whore I don't get a break from them either,855,2.0,0,1,0,0,0,0,0
balmain super different bitch..,857,1.0,1,0,0,0,0,0,0
Like this bitch seriously drinks her piss and rubs it on her face thinking its a good thing ARE YOU SERIOUS I'm beyond disgusted,858,1.0,1,0,0,0,0,0,0
@angelicbvbe @Michael5SOS Night hoe! I mean mom! Hate you bitch! I mean love you!,859,1.0,1,0,0,0,0,0,0
ion need no part time people in my life; bye go fuck up the next bitch sleeping schedule ğŸ˜’,860,1.0,1,0,0,0,0,0,0
Cunt never leaves his seat. @Manutd LVG OUT !,861,1.0,1,0,0,0,0,0,0
WHY DOES THIS BITCH TRY TO TALK TO EVERY GUY I TALK TO OR DID TALK TO!!!!ğŸ˜¡ğŸ˜¡,862,1.0,1,0,0,0,0,0,0
Old bitch keep callin he think I'm awesome,863,1.0,1,0,0,0,0,0,0
"I came in this world crying and everybody smiling. 
Imma leave this bitch smiling and everybody crying.",864,1.0,1,0,0,0,0,0,0
I ain't talk to my bitch all day Fr ğŸ˜’,865,4.0,0,0,0,1,0,0,0
"""TU TEM MO CARA DE BEBÃŠ"" bitch tell me something i don't know",866,1.0,1,0,0,0,0,0,0
I just took your hoe cause I ain't got no manners.,868,1.0,1,0,0,0,0,0,0
Sometimes I forget I'm crazy then I see u posts some dumb ass shit bout a bitch then I realize wow I'm fucking crazy,869,1.0,1,0,0,0,0,0,0
He finally found a bitch that down I know he wish she stay ğŸ’¯,870,1.0,1,0,0,0,0,0,0
i'm sorry i called you a gap toothed bitch. it's not your fault you're so gap toothed.,871,7.0,0,0,0,0,0,0,1
bitch bitin on my ear like im holyfieeld,872,1.0,1,0,0,0,0,0,0
Ima rob that hoe she carry all that money and no gun,873,1.0,1,0,0,0,0,0,0
Love and sex dijo Matias y era sex and the bitch. Jajajajajajajajajajajajjaajjajaa,874,1.0,1,0,0,0,0,0,0
Count up my money your bitch see this once now she dying to get wit me,875,1.0,1,0,0,0,0,0,0
I don't wanna be in a relationship = I wanna be a hoe,876,4.0,0,0,0,1,0,0,0
@rizzlesamelia fucking love you bitch X X,877,2.0,0,1,0,0,0,0,0
And I'm back on this bitch. I think I'm lactose,878,4.0,0,0,0,1,0,0,0
Like bitch r u the pregnant one? Is your sleep more important than mine MOTHAfucka,879,1.0,1,0,0,0,0,0,0
"My block button lost her virginity like seconds after I created my Twitter, and I still tap that hoe dailyyy âœŒğŸ¼ï¸ğŸ™‚",880,7.0,0,0,0,0,0,0,1
44.1 Bitch Better Have My Money $ #MTVStars #MTVStarOf2015 Rihanna ğŸ•  Lady Gaga ğŸ•  Nicki Minaj,881,3.0,0,0,1,0,0,0,0
"If you got something to say, say it to me bitch",882,1.0,1,0,0,0,0,0,0
Good dick would make a bitch waste 7 years of her lifeğŸ˜­ğŸ˜‚ğŸ˜‚ğŸ˜‚,883,1.0,1,0,0,0,0,0,0
That's why you're a dumb bitch,884,1.0,1,0,0,0,0,0,0
Don't talk to me I'm bitch,885,4.0,0,0,0,1,0,0,0
I'm a little bitch rn,886,4.0,0,0,0,1,0,0,0
@cindylinders ğŸ˜‚ğŸ˜‚ğŸ˜‚for real bitch,888,2.0,0,1,0,0,0,0,0
@MusicMonkey93 you're a bitch and I love it â¤,889,2.0,0,1,0,0,0,0,0
ğŸ‘…ğŸ„DICKCEMBERğŸ„ is here and u know what that means â„ HOE HOE HOE season has arrived ğŸ…,890,1.0,1,0,0,0,0,0,0
pussy punk bitch..,891,1.0,1,0,0,0,0,0,0
Wtf is a click if yo boss a hoe?,892,1.0,1,0,0,0,0,0,0
"Baby i just want you back 

Sike bitch i dont want you fuck a you and your grandma too bitch what the fuck is up?ğŸ˜",894,1.0,1,0,0,0,0,0,0
"Bitch you breathe too much, shut the fuck up",895,1.0,1,0,0,0,0,0,0
Actually most bitches get burnt AT LEAST twice in their life. I wouldn't dare trust a bitch who said she's never had an std.,897,1.0,1,0,0,0,0,0,0
"@NICKIMINAJ @TMZ AS A PERSON WHOS IN A WHEELCHAIR WHAT U DID WAS RUDE,disrespectful&amp;HEARTLESS.I I HOPE YOU END UP IN A WHEELCHAIR. YOU BITCH",898,1.0,1,0,0,0,0,0,0
"i got your bitch on 5th ave, i'm daddy.",900,3.0,0,0,1,0,0,0,0
@yvonnephung @krystallinex u hoe. i thought i was special.,901,1.0,1,0,0,0,0,0,0
If the bitch don't like bitches than she borinn,902,1.0,1,0,0,0,0,0,0
"This bitch a pill head, she give Ill head, I mean she kill head - she act braiiindead",903,1.0,1,0,0,0,0,0,0
"Oh shit, that cunt Jeremy Clarkson now does an advert for Amazon.",904,1.0,1,0,0,0,0,0,0
I don't want to communicate with y'all bitch ass niggas that can't do shit for me âœŒğŸ»ï¸ğŸŒµ,905,1.0,1,0,0,0,0,0,0
@otrakiII BITCH GET TF GONE,906,1.0,1,0,0,0,0,0,0
Happy birthday I love you bitch @Amanda_Lemire â¤ï¸â¤ï¸â¤ï¸â¤ï¸,907,2.0,0,1,0,0,0,0,0
@egrace_potter stop preeing my Twitter u hoe,908,1.0,1,0,0,0,0,0,0
Mother Nature a real BITCH ğŸ™„ I hate this hoe I swear to god !,909,7.0,0,0,0,0,0,0,1
"One bitch gone, one to go.",911,1.0,1,0,0,0,0,0,0
get some pussy bitch nigga,912,1.0,1,0,0,0,0,0,0
Be real nigga not a fake bitch,914,1.0,1,0,0,0,0,0,0
Fuck the bitch ass raiders and fuck Sammy !!!!!! @ruthless_sam #BoltUp #ChargedUp âš¡ï¸âš¡ï¸âš¡ï¸âš¡ï¸âš¡ï¸âš¡ï¸âš¡ï¸âš¡ï¸,915,1.0,1,0,0,0,0,0,0
"Bitch at rite better chill out and ring up these fucking chips, ugly ass attitude",916,1.0,1,0,0,0,0,0,0
@Fredriannaa ğŸ˜‚ğŸ˜‚ my son shamar bitch use to have me dead,917,1.0,1,0,0,0,0,0,0
You have cars all over your Facebook page and I bet you don't even have your theory test passed you sick bitch,918,1.0,1,0,0,0,0,0,0
Levels to dis shit bitch,919,1.0,1,0,0,0,0,0,0
It's my birthday bitch ğŸ¤—ğŸ¤˜ğŸ½ I'm so hype,920,4.0,0,0,0,1,0,0,0
"Bitch I'm smiling, bet you see me from the nosebleeds",921,3.0,0,0,1,0,0,0,0
You say yu ballin but yu brickin bitch,922,1.0,1,0,0,0,0,0,0
"Be funny when people get the camera ticket and then wanna stop on the line, nawl lil bitch it's too late na ğŸ˜­",923,1.0,1,0,0,0,0,0,0
Been kinda down hill since some cunt robed me and beat me up! ğŸ˜‚ğŸ˜‚ğŸ˜‚ğŸ˜‚ğŸ˜‚,924,1.0,1,0,0,0,0,0,0
"So my bro is a hoe but when his hoes act up I be like ""bro you deserve so much better. Fuck her!""ğŸ˜‚ğŸ˜‚ğŸ˜‚ğŸ˜­ğŸ˜«ğŸ˜«ğŸ™ŒğŸ½ğŸ™ŒğŸ½",925,1.0,1,0,0,0,0,0,0
KAYLIN LMAO ğŸ˜­ğŸ˜‚ my bitch,926,7.0,0,0,0,0,0,0,1
"If I ever said I fucked your bitch,
Just know I mean it",927,1.0,1,0,0,0,0,0,0
I Cant Fw A Bitch If She Fw A BitchğŸ’¯,928,1.0,1,0,0,0,0,0,0
"what the fuck did you just say about me, you little bitch?",929,1.0,1,0,0,0,0,0,0
@Xo_laj just kidding fuck her bitch ass ğŸ’†ğŸ½ğŸ’†ğŸ½,930,1.0,1,0,0,0,0,0,0
